account_id,account_name,domain,industry,employee_band,account_segment,plan_type,account_mrr,products_used,icp_tier,renewal_quarter,am_owner_id,ae_owner_id,owner_id,owner_name,owner_role,must_keep_with_owner,last_interesting_moment
001000000001,Company001 Labs,company001.com,Healthcare,1-50,Mid-Market,Pro,2914,4,2,Q3,005CSM00005,005AE000006,005CSM00005,AM_5,AM,False,
001000000002,Company002 Labs,company002.com,SaaS,1-50,Mid-Market,Pro,2585,3,2,Q3,005CSM00001,005AE000004,005CSM00001,AM_1,AM,False,
001000000003,Company003 Labs,company003.com,Manufacturing,51-200,Mid-Market,Pro,2073,2,3,Q1,005CSM00003,005AE000004,005CSM00003,AM_3,AM,False,
001000000004,Company004 Labs,company004.com,Fintech,501-2000,Mid-Market,Pro,4499,4,3,Q4,005CSM00010,005AE000004,005CSM00010,AM_10,AM,False,
001000000005,Company005 Labs,company005.com,Media,51-200,Mid-Market,Pro,3123,4,2,Q4,005CSM00005,005AE000004,005CSM00005,AM_5,AM,False,
001000000006,Company006 Labs,company006.com,SaaS,2000+,Mid-Market,Pro,4354,3,3,Q4,005CSM00003,005AE000006,005CSM00003,AM_3,AM,False,
001000000007,Company007 Labs,company007.com,Healthcare,51-200,Mid-Market,Pro,3747,4,4,Q1,005CSM00010,005AE000009,005CSM00010,AM_10,AM,False,
001000000008,Company008 Labs,company008.com,Media,2000+,Mid-Market,Pro,4367,3,3,Q4,005CSM00003,005AE000004,005CSM00003,AM_3,AM,False,
001000000009,Company009 Labs,company009.com,SaaS,51-200,SMB,Pro,1754,1,1,Q3,005CSM00009,005AE000001,005CSM00009,AM_9,AM,False,
001000000010,Company010 Labs,company010.com,Retail,201-500,Mid-Market,Pro,4146,4,2,Q4,005CSM00010,005AE000006,005CSM00010,AM_10,AM,False,
001000000011,Company011 Labs,company011.com,Healthcare,51-200,SMB,Pro,1343,1,1,Q4,005CSM00009,005AE000001,005CSM00009,AM_9,AM,False,
001000000012,Company012 Labs,company012.com,Manufacturing,51-200,Mid-Market,Pro,4378,3,3,Q2,005CSM00003,005AE000009,005CSM00003,AM_3,AM,False,
001000000013,Company013 Labs,company013.com,SaaS,51-200,Mid-Market,Pro,2296,3,4,Q2,005CSM00005,005AE000004,005CSM00005,AM_5,AM,False,
001000000014,Company014 Labs,company014.com,Fintech,51-200,Mid-Market,Pro,2422,3,3,Q1,005CSM00007,005AE000006,005CSM00007,AM_7,AM,False,
001000000015,Company015 Labs,company015.com,Retail,1-50,Mid-Market,Pro,5202,3,3,Q4,005CSM00001,005AE000004,005CSM00001,AM_1,AM,False,
001000000016,Company016 Labs,company016.com,Media,501-2000,SMB,Pro,1370,1,3,Q2,005CSM00008,005AE000010,005CSM00008,AM_8,AM,False,
001000000017,Company017 Labs,company017.com,SaaS,201-500,Mid-Market,Pro,4011,4,3,Q4,005CSM00007,005AE000004,005CSM00007,AM_7,AM,False,
001000000018,Company018 Labs,company018.com,SaaS,51-200,SMB,Pro,1738,1,1,Q2,005CSM00002,005AE000010,005CSM00002,AM_2,AM,False,
001000000019,Company019 Labs,company019.com,SaaS,201-500,Mid-Market,Pro,4621,2,3,Q1,005CSM00001,005AE000004,005CSM00001,AM_1,AM,False,
001000000020,Company020 Labs,company020.com,Fintech,1-50,Mid-Market,Pro,3022,2,4,Q3,005CSM00003,005AE000009,005CSM00003,AM_3,AM,False,
001000000021,Company021 Labs,company021.com,SaaS,51-200,Mid-Market,Pro,4735,2,3,Q3,005CSM00003,005AE000009,005CSM00003,AM_3,AM,False,
001000000022,Company022 Labs,company022.com,Retail,51-200,Mid-Market,Pro,5436,3,3,Q2,005CSM00001,005AE000004,005CSM00001,AM_1,AM,False,
001000000023,Company023 Labs,company023.com,SaaS,2000+,Mid-Market,Pro,5544,4,2,Q3,005CSM00010,005AE000004,005CSM00010,AM_10,AM,False,
001000000024,Company024 Labs,company024.com,Retail,2000+,Mid-Market,Pro,5035,3,4,Q1,005CSM00005,005AE000006,005CSM00005,AM_5,AM,False,
001000000025,Company025 Labs,company025.com,Fintech,201-500,SMB,Pro,1740,1,1,Q4,005CSM00002,005AE000005,005CSM00002,AM_2,AM,False,
001000000026,Company026 Labs,company026.com,Retail,201-500,Mid-Market,Pro,2076,2,3,Q3,005CSM00003,005AE000004,005CSM00003,AM_3,AM,False,
001000000027,Company027 Labs,company027.com,SaaS,1-50,Mid-Market,Pro,2004,3,3,Q2,005CSM00005,005AE000009,005CSM00005,AM_5,AM,False,
001000000028,Company028 Labs,company028.com,Manufacturing,51-200,SMB,Pro,1200,1,3,Q3,005CSM00002,005AE000001,005CSM00002,AM_2,AM,False,
001000000029,Company029 Labs,company029.com,Healthcare,501-2000,Mid-Market,Pro,2210,2,3,Q1,005CSM00003,005AE000009,005CSM00003,AM_3,AM,False,
001000000030,Company030 Labs,company030.com,SaaS,51-200,Mid-Market,Pro,4830,3,3,Q2,005CSM00005,005AE000009,005CSM00005,AM_5,AM,False,
001000000031,Company031 Labs,company031.com,SaaS,51-200,SMB,Pro,1822,1,1,Q2,005CSM00008,005AE000010,005CSM00008,AM_8,AM,False,
001000000032,Company032 Labs,company032.com,Media,201-500,Mid-Market,Pro,4264,2,2,Q2,005CSM00003,005AE000006,005CSM00003,AM_3,AM,False,
001000000033,Company033 Labs,company033.com,Healthcare,1-50,SMB,Pro,1941,2,1,Q1,005CSM00009,005AE000010,005CSM00009,AM_9,AM,False,
001000000034,Company034 Labs,company034.com,Manufacturing,201-500,SMB,Pro,1475,2,2,Q1,005CSM00002,005AE000005,005CSM00002,AM_2,AM,False,
001000000035,Company035 Labs,company035.com,SaaS,501-2000,Mid-Market,Pro,5762,3,4,Q3,005CSM00001,005AE000006,005CSM00001,AM_1,AM,True,
001000000036,Company036 Labs,company036.com,Healthcare,51-200,SMB,Pro,1364,2,2,Q4,005CSM00004,005AE000002,005CSM00004,AM_4,AM,False,
001000000037,Company037 Labs,company037.com,Healthcare,201-500,Mid-Market,Pro,2194,3,4,Q2,005CSM00010,005AE000004,005CSM00010,AM_10,AM,False,
001000000038,Company038 Labs,company038.com,SaaS,201-500,Mid-Market,Pro,3106,4,2,Q3,005CSM00005,005AE000006,005CSM00005,AM_5,AM,False,
001000000039,Company039 Labs,company039.com,Media,201-500,Mid-Market,Pro,2057,3,3,Q2,005CSM00003,005AE000004,005CSM00003,AM_3,AM,False,
001000000040,Company040 Labs,company040.com,Healthcare,1-50,Mid-Market,Pro,3391,3,3,Q4,005CSM00003,005AE000009,005CSM00003,AM_3,AM,False,
001000000041,Company041 Labs,company041.com,SaaS,201-500,Mid-Market,Pro,2444,4,4,Q1,005CSM00007,005AE000004,005CSM00007,AM_7,AM,False,
001000000042,Company042 Labs,company042.com,Manufacturing,51-200,Mid-Market,Pro,2059,4,4,Q2,005CSM00005,005AE000006,005CSM00005,AM_5,AM,False,
001000000043,Company043 Labs,company043.com,Manufacturing,201-500,Mid-Market,Pro,2398,2,2,Q1,005CSM00005,005AE000004,005CSM00005,AM_5,AM,False,
001000000044,Company044 Labs,company044.com,Media,51-200,Mid-Market,Pro,4187,4,3,Q4,005CSM00001,005AE000006,005CSM00001,AM_1,AM,False,
001000000045,Company045 Labs,company045.com,Manufacturing,51-200,Mid-Market,Pro,2007,2,4,Q1,005CSM00010,005AE000009,005CSM00010,AM_10,AM,False,
001000000046,Company046 Labs,company046.com,Media,1-50,Mid-Market,Pro,5532,3,2,Q2,005CSM00003,005AE000006,005CSM00003,AM_3,AM,False,
001000000047,Company047 Labs,company047.com,Manufacturing,2000+,SMB,Pro,1832,1,1,Q4,005CSM00004,005AE000005,005CSM00004,AM_4,AM,False,
001000000048,Company048 Labs,company048.com,SaaS,201-500,Mid-Market,Pro,2737,3,3,Q3,005CSM00005,005AE000009,005CSM00005,AM_5,AM,False,
001000000049,Company049 Labs,company049.com,Healthcare,51-200,Mid-Market,Pro,2648,3,3,Q2,005CSM00001,005AE000004,005CSM00001,AM_1,AM,False,
001000000050,Company050 Labs,company050.com,Media,1-50,Mid-Market,Pro,4565,3,2,Q1,005CSM00005,005AE000006,005CSM00005,AM_5,AM,False,
001000000051,Company051 Labs,company051.com,SaaS,501-2000,Mid-Market,Pro,2633,3,4,Q3,005CSM00010,005AE000004,005CSM00010,AM_10,AM,False,
001000000052,Company052 Labs,company052.com,SaaS,501-2000,Mid-Market,Pro,3875,4,3,Q3,005CSM00007,005AE000009,005CSM00007,AM_7,AM,False,
001000000053,Company053 Labs,company053.com,Media,201-500,SMB,Pro,1260,1,3,Q4,005CSM00008,005AE000002,005CSM00008,AM_8,AM,False,
001000000054,Company054 Labs,company054.com,Healthcare,1-50,Mid-Market,Pro,2073,3,2,Q3,005CSM00003,005AE000009,005CSM00003,AM_3,AM,False,
001000000055,Company055 Labs,company055.com,SaaS,201-500,SMB,Pro,1298,1,2,Q3,005CSM00002,005AE000001,005CSM00002,AM_2,AM,False,
001000000056,Company056 Labs,company056.com,Retail,1-50,Mid-Market,Pro,5309,4,3,Q1,005CSM00007,005AE000006,005CSM00007,AM_7,AM,False,
001000000057,Company057 Labs,company057.com,Manufacturing,201-500,SMB,Pro,1176,1,3,Q4,005CSM00002,005AE000005,005CSM00002,AM_2,AM,False,
001000000058,Company058 Labs,company058.com,Manufacturing,51-200,Mid-Market,Pro,5771,4,2,Q2,005CSM00005,005AE000009,005CSM00005,AM_5,AM,False,
001000000059,Company059 Labs,company059.com,Retail,51-200,SMB,Pro,1456,1,1,Q4,005CSM00004,005AE000002,005CSM00004,AM_4,AM,False,
001000000060,Company060 Labs,company060.com,Manufacturing,1-50,Mid-Market,Pro,3915,3,2,Q1,005CSM00005,005AE000006,005CSM00005,AM_5,AM,False,
001000000061,Company061 Labs,company061.com,Manufacturing,1-50,SMB,Pro,1365,1,1,Q4,005CSM00009,005AE000002,005CSM00009,AM_9,AM,False,
001000000062,Company062 Labs,company062.com,Media,2000+,Mid-Market,Pro,2543,4,2,Q3,005CSM00003,005AE000004,005CSM00003,AM_3,AM,False,
001000000063,Company063 Labs,company063.com,Retail,201-500,Mid-Market,Pro,2751,4,3,Q4,005CSM00001,005AE000009,005CSM00001,AM_1,AM,False,
001000000064,Company064 Labs,company064.com,SaaS,201-500,Mid-Market,Pro,2880,3,3,Q1,005CSM00007,005AE000009,005CSM00007,AM_7,AM,False,
001000000065,Company065 Labs,company065.com,Fintech,501-2000,Mid-Market,Pro,5080,2,3,Q3,005CSM00005,005AE000006,005CSM00005,AM_5,AM,False,
001000000066,Company066 Labs,company066.com,SaaS,51-200,Mid-Market,Pro,3131,2,3,Q4,005CSM00010,005AE000009,005CSM00010,AM_10,AM,False,
001000000067,Company067 Labs,company067.com,Healthcare,501-2000,SMB,Pro,1378,1,1,Q1,005CSM00006,005AE000002,005CSM00006,AM_6,AM,False,
001000000068,Company068 Labs,company068.com,Media,2000+,Mid-Market,Pro,3772,4,2,Q1,005CSM00001,005AE000006,005CSM00001,AM_1,AM,False,
001000000069,Company069 Labs,company069.com,Retail,201-500,Mid-Market,Pro,3404,4,4,Q2,005CSM00010,005AE000009,005CSM00010,AM_10,AM,False,
001000000070,Company070 Labs,company070.com,SaaS,51-200,Mid-Market,Pro,2683,4,2,Q3,005CSM00010,005AE000004,005CSM00010,AM_10,AM,False,
001000000071,Company071 Labs,company071.com,Fintech,51-200,Mid-Market,Pro,2516,3,4,Q3,005CSM00007,005AE000006,005CSM00007,AM_7,AM,False,
001000000072,Company072 Labs,company072.com,Retail,51-200,Mid-Market,Pro,3001,2,3,Q3,005CSM00003,005AE000006,005CSM00003,AM_3,AM,False,
001000000073,Company073 Labs,company073.com,Fintech,1-50,Mid-Market,Pro,2516,4,3,Q1,005CSM00003,005AE000004,005CSM00003,AM_3,AM,False,
001000000074,Company074 Labs,company074.com,Healthcare,1-50,Mid-Market,Pro,3032,4,3,Q1,005CSM00010,005AE000009,005CSM00010,AM_10,AM,False,
001000000075,Company075 Labs,company075.com,Manufacturing,501-2000,Mid-Market,Pro,3675,3,3,Q3,005CSM00010,005AE000009,005CSM00010,AM_10,AM,False,
001000000076,Company076 Labs,company076.com,Fintech,51-200,Mid-Market,Pro,4701,3,3,Q4,005CSM00003,005AE000006,005CSM00003,AM_3,AM,False,
001000000077,Company077 Labs,company077.com,SaaS,51-200,SMB,Pro,1797,2,2,Q4,005CSM00004,005AE000001,005CSM00004,AM_4,AM,False,
001000000078,Company078 Labs,company078.com,Manufacturing,1-50,Mid-Market,Pro,3232,4,2,Q4,005CSM00003,005AE000006,005CSM00003,AM_3,AM,False,
001000000079,Company079 Labs,company079.com,Media,1-50,Enterprise,Enterprise,6372,3,4,Q2,,005AE000003,005AE000003,AE_3,AE,False,
001000000080,Company080 Labs,company080.com,Retail,201-500,Mid-Market,Pro,2746,4,2,Q3,005CSM00005,005AE000004,005CSM00005,AM_5,AM,False,
001000000081,Company081 Labs,company081.com,Fintech,201-500,SMB,Pro,1900,1,3,Q3,005CSM00002,005AE000001,005CSM00002,AM_2,AM,False,
001000000082,Company082 Labs,company082.com,Media,201-500,SMB,Pro,1501,1,1,Q1,005CSM00006,005AE000001,005CSM00006,AM_6,AM,False,
001000000083,Company083 Labs,company083.com,Retail,51-200,Enterprise,Enterprise,7185,4,5,Q1,,005AE000008,005AE000008,AE_8,AE,False,
001000000084,Company084 Labs,company084.com,Retail,201-500,Mid-Market,Pro,5492,4,4,Q2,005CSM00007,005AE000009,005CSM00007,AM_7,AM,False,
001000000085,Company085 Labs,company085.com,Manufacturing,51-200,Mid-Market,Pro,2586,4,2,Q2,005CSM00005,005AE000006,005CSM00005,AM_5,AM,False,
001000000086,Company086 Labs,company086.com,SaaS,51-200,Mid-Market,Pro,2261,4,3,Q2,005CSM00001,005AE000006,005CSM00001,AM_1,AM,False,
001000000087,Company087 Labs,company087.com,SaaS,1-50,Mid-Market,Pro,2494,3,3,Q2,005CSM00007,005AE000009,005CSM00007,AM_7,AM,False,
001000000088,Company088 Labs,company088.com,Retail,1-50,Mid-Market,Pro,3968,2,4,Q4,005CSM00005,005AE000006,005CSM00005,AM_5,AM,False,
001000000089,Company089 Labs,company089.com,Fintech,51-200,Mid-Market,Pro,2100,2,3,Q2,005CSM00007,005AE000004,005CSM00007,AM_7,AM,False,
001000000090,Company090 Labs,company090.com,Retail,51-200,Mid-Market,Pro,2129,3,3,Q2,005CSM00003,005AE000004,005CSM00003,AM_3,AM,False,
001000000091,Company091 Labs,company091.com,Retail,51-200,SMB,Pro,1605,1,1,Q3,005CSM00004,005AE000010,005CSM00004,AM_4,AM,False,
001000000092,Company092 Labs,company092.com,Healthcare,1-50,Enterprise,Enterprise,6733,4,4,Q1,,005AE000007,005AE000007,AE_7,AE,False,
001000000093,Company093 Labs,company093.com,Fintech,1-50,Mid-Market,Pro,4208,4,4,Q1,005CSM00007,005AE000009,005CSM00007,AM_7,AM,False,
001000000094,Company094 Labs,company094.com,SaaS,501-2000,SMB,Pro,1748,1,1,Q2,005CSM00002,005AE000010,005CSM00002,AM_2,AM,False,
001000000095,Company095 Labs,company095.com,Retail,2000+,SMB,Pro,1967,1,1,Q4,005CSM00006,005AE000005,005CSM00006,AM_6,AM,False,
001000000096,Company096 Labs,company096.com,Manufacturing,201-500,SMB,Pro,1383,1,3,Q3,005CSM00008,005AE000001,005CSM00008,AM_8,AM,False,
001000000097,Company097 Labs,company097.com,Retail,501-2000,SMB,Pro,1418,1,1,Q3,005CSM00008,005AE000005,005CSM00008,AM_8,AM,False,
001000000098,Company098 Labs,company098.com,Healthcare,1-50,Mid-Market,Pro,2213,4,3,Q1,005CSM00007,005AE000009,005CSM00007,AM_7,AM,False,
001000000099,Company099 Labs,company099.com,Healthcare,501-2000,Mid-Market,Pro,3183,3,3,Q2,005CSM00005,005AE000004,005CSM00005,AM_5,AM,False,
001000000100,Company100 Labs,company100.com,Media,51-200,Mid-Market,Pro,4580,3,4,Q2,005CSM00001,005AE000006,005CSM00001,AM_1,AM,False,
001000000101,Company101 Labs,company101.com,Healthcare,51-200,Mid-Market,Pro,5481,3,3,Q1,005CSM00005,005AE000009,005CSM00005,AM_5,AM,False,
001000000102,Company102 Labs,company102.com,Media,51-200,SMB,Pro,1798,2,2,Q2,005CSM00008,005AE000002,005CSM00008,AM_8,AM,False,
001000000103,Company103 Labs,company103.com,Fintech,501-2000,Enterprise,Enterprise,6413,4,4,Q3,,005AE000007,005AE000007,AE_7,AE,False,
001000000104,Company104 Labs,company104.com,SaaS,2000+,SMB,Pro,1967,1,2,Q2,005CSM00004,005AE000010,005CSM00004,AM_4,AM,False,
001000000105,Company105 Labs,company105.com,SaaS,2000+,Mid-Market,Pro,3060,4,3,Q3,005CSM00001,005AE000006,005CSM00001,AM_1,AM,False,
001000000106,Company106 Labs,company106.com,Fintech,201-500,SMB,Pro,1434,2,1,Q4,005CSM00009,005AE000001,005CSM00009,AM_9,AM,False,
001000000107,Company107 Labs,company107.com,Retail,501-2000,Mid-Market,Pro,3501,4,4,Q1,005CSM00001,005AE000009,005CSM00001,AM_1,AM,False,
001000000108,Company108 Labs,company108.com,Fintech,201-500,Mid-Market,Pro,2516,3,2,Q1,005CSM00007,005AE000009,005CSM00007,AM_7,AM,False,
001000000109,Company109 Labs,company109.com,Retail,501-2000,Mid-Market,Pro,3442,4,3,Q1,005CSM00001,005AE000009,005CSM00001,AM_1,AM,False,
001000000110,Company110 Labs,company110.com,Media,1-50,SMB,Pro,1065,2,1,Q3,005CSM00002,005AE000002,005CSM00002,AM_2,AM,False,
001000000111,Company111 Labs,company111.com,Retail,51-200,SMB,Pro,1253,1,1,Q2,005CSM00006,005AE000001,005CSM00006,AM_6,AM,False,
001000000112,Company112 Labs,company112.com,SaaS,1-50,Mid-Market,Pro,3720,4,3,Q2,005CSM00005,005AE000006,005CSM00005,AM_5,AM,False,
001000000113,Company113 Labs,company113.com,SaaS,201-500,Mid-Market,Pro,2023,3,4,Q1,005CSM00010,005AE000004,005CSM00010,AM_10,AM,False,
001000000114,Company114 Labs,company114.com,Retail,1-50,Mid-Market,Pro,4183,3,4,Q2,005CSM00007,005AE000009,005CSM00007,AM_7,AM,False,
001000000115,Company115 Labs,company115.com,Fintech,51-200,Mid-Market,Pro,3697,3,2,Q2,005CSM00007,005AE000006,005CSM00007,AM_7,AM,False,
001000000116,Company116 Labs,company116.com,Media,1-50,Mid-Market,Pro,2049,3,3,Q3,005CSM00001,005AE000009,005CSM00001,AM_1,AM,False,
001000000117,Company117 Labs,company117.com,Healthcare,51-200,Enterprise,Enterprise,6077,3,5,Q1,,005AE000007,005AE000007,AE_7,AE,False,
001000000118,Company118 Labs,company118.com,SaaS,201-500,Enterprise,Enterprise,6882,5,3,Q1,,005AE000003,005AE000003,AE_3,AE,False,
001000000119,Company119 Labs,company119.com,Media,2000+,SMB,Pro,1166,1,2,Q1,005CSM00002,005AE000001,005CSM00002,AM_2,AM,False,
001000000120,Company120 Labs,company120.com,Media,201-500,SMB,Pro,1491,2,1,Q3,005CSM00009,005AE000010,005CSM00009,AM_9,AM,False,
001000000121,Company121 Labs,company121.com,Healthcare,201-500,Mid-Market,Pro,2316,2,2,Q4,005CSM00005,005AE000006,005CSM00005,AM_5,AM,False,
001000000122,Company122 Labs,company122.com,Fintech,501-2000,Mid-Market,Pro,3681,2,4,Q2,005CSM00001,005AE000009,005CSM00001,AM_1,AM,False,
001000000123,Company123 Labs,company123.com,Retail,2000+,Enterprise,Enterprise,6137,4,3,Q3,,005AE000008,005AE000008,AE_8,AE,False,
001000000124,Company124 Labs,company124.com,SaaS,2000+,Mid-Market,Pro,3324,3,3,Q2,005CSM00001,005AE000006,005CSM00001,AM_1,AM,False,
001000000125,Company125 Labs,company125.com,Manufacturing,201-500,Mid-Market,Pro,3796,2,4,Q3,005CSM00010,005AE000004,005CSM00010,AM_10,AM,False,
001000000126,Company126 Labs,company126.com,Healthcare,501-2000,Mid-Market,Pro,3074,2,2,Q1,005CSM00003,005AE000004,005CSM00003,AM_3,AM,False,
001000000127,Company127 Labs,company127.com,Media,2000+,Enterprise,Enterprise,6132,5,4,Q1,,005AE000003,005AE000003,AE_3,AE,False,
001000000128,Company128 Labs,company128.com,Manufacturing,1-50,Mid-Market,Pro,2709,4,3,Q1,005CSM00010,005AE000006,005CSM00010,AM_10,AM,False,
001000000129,Company129 Labs,company129.com,Healthcare,51-200,SMB,Pro,1110,1,2,Q4,005CSM00002,005AE000010,005CSM00002,AM_2,AM,False,
001000000130,Company130 Labs,company130.com,Retail,501-2000,Mid-Market,Pro,2108,2,4,Q2,005CSM00001,005AE000009,005CSM00001,AM_1,AM,False,
001000000131,Company131 Labs,company131.com,SaaS,1-50,Mid-Market,Pro,2582,2,3,Q3,005CSM00005,005AE000004,005CSM00005,AM_5,AM,False,
001000000132,Company132 Labs,company132.com,Manufacturing,51-200,SMB,Pro,1430,1,2,Q3,005CSM00006,005AE000001,005CSM00006,AM_6,AM,False,
001000000133,Company133 Labs,company133.com,SaaS,1-50,SMB,Pro,1266,2,3,Q4,005CSM00002,005AE000005,005CSM00002,AM_2,AM,False,
001000000134,Company134 Labs,company134.com,Fintech,51-200,Mid-Market,Pro,4097,2,3,Q3,005CSM00010,005AE000004,005CSM00010,AM_10,AM,False,
001000000135,Company135 Labs,company135.com,Manufacturing,201-500,Mid-Market,Pro,2474,2,2,Q4,005CSM00001,005AE000009,005CSM00001,AM_1,AM,False,
001000000136,Company136 Labs,company136.com,Manufacturing,201-500,SMB,Pro,1989,1,2,Q3,005CSM00008,005AE000002,005CSM00008,AM_8,AM,False,
001000000137,Company137 Labs,company137.com,Healthcare,201-500,Mid-Market,Pro,3373,4,3,Q3,005CSM00003,005AE000009,005CSM00003,AM_3,AM,False,
001000000138,Company138 Labs,company138.com,Fintech,1-50,Mid-Market,Pro,2569,4,3,Q2,005CSM00005,005AE000006,005CSM00005,AM_5,AM,False,
001000000139,Company139 Labs,company139.com,SaaS,51-200,SMB,Pro,1670,2,2,Q1,005CSM00008,005AE000001,005CSM00008,AM_8,AM,False,
001000000140,Company140 Labs,company140.com,Media,201-500,Mid-Market,Pro,2148,3,2,Q4,005CSM00007,005AE000009,005CSM00007,AM_7,AM,False,
001000000141,Company141 Labs,company141.com,Fintech,201-500,SMB,Pro,1100,1,3,Q3,005CSM00002,005AE000005,005CSM00002,AM_2,AM,False,
001000000142,Company142 Labs,company142.com,Media,1-50,SMB,Pro,1782,2,3,Q3,005CSM00002,005AE000001,005CSM00002,AM_2,AM,False,
001000000143,Company143 Labs,company143.com,Fintech,1-50,Mid-Market,Pro,5579,2,3,Q4,005CSM00001,005AE000009,005CSM00001,AM_1,AM,False,
001000000144,Company144 Labs,company144.com,Manufacturing,201-500,Mid-Market,Pro,4131,3,2,Q2,005CSM00005,005AE000006,005CSM00005,AM_5,AM,False,
001000000145,Company145 Labs,company145.com,Manufacturing,51-200,Mid-Market,Pro,4730,2,3,Q2,005CSM00001,005AE000006,005CSM00001,AM_1,AM,False,
001000000146,Company146 Labs,company146.com,Manufacturing,1-50,Mid-Market,Pro,2415,3,2,Q1,005CSM00003,005AE000009,005CSM00003,AM_3,AM,False,
001000000147,Company147 Labs,company147.com,Fintech,2000+,Mid-Market,Pro,4279,3,4,Q1,005CSM00010,005AE000006,005CSM00010,AM_10,AM,False,
001000000148,Company148 Labs,company148.com,Retail,51-200,Mid-Market,Pro,5164,2,2,Q3,005CSM00007,005AE000006,005CSM00007,AM_7,AM,False,
001000000149,Company149 Labs,company149.com,Manufacturing,51-200,Mid-Market,Pro,4430,3,3,Q3,005CSM00001,005AE000009,005CSM00001,AM_1,AM,False,
001000000150,Company150 Labs,company150.com,Manufacturing,501-2000,Mid-Market,Pro,3330,2,3,Q1,005CSM00007,005AE000009,005CSM00007,AM_7,AM,False,
001000000151,Company151 Labs,company151.com,SaaS,1-50,Mid-Market,Pro,4328,4,3,Q4,005CSM00010,005AE000004,005CSM00010,AM_10,AM,False,
001000000152,Company152 Labs,company152.com,Fintech,51-200,Mid-Market,Pro,3588,3,3,Q1,005CSM00003,005AE000006,005CSM00003,AM_3,AM,False,
001000000153,Company153 Labs,company153.com,Healthcare,201-500,SMB,Pro,1248,2,3,Q4,005CSM00004,005AE000002,005CSM00004,AM_4,AM,False,
001000000154,Company154 Labs,company154.com,Media,501-2000,Mid-Market,Pro,4463,4,3,Q1,005CSM00003,005AE000004,005CSM00003,AM_3,AM,False,
001000000155,Company155 Labs,company155.com,SaaS,1-50,Mid-Market,Pro,2567,3,3,Q2,005CSM00003,005AE000006,005CSM00003,AM_3,AM,False,
001000000156,Company156 Labs,company156.com,Retail,51-200,Mid-Market,Pro,2821,2,2,Q4,005CSM00005,005AE000004,005CSM00005,AM_5,AM,False,
001000000157,Company157 Labs,company157.com,Media,501-2000,Mid-Market,Pro,2928,2,3,Q2,005CSM00010,005AE000004,005CSM00010,AM_10,AM,False,
001000000158,Company158 Labs,company158.com,Media,51-200,SMB,Pro,1549,2,1,Q1,005CSM00002,005AE000010,005CSM00002,AM_2,AM,False,
001000000159,Company159 Labs,company159.com,Manufacturing,201-500,Mid-Market,Pro,3404,3,3,Q2,005CSM00001,005AE000006,005CSM00001,AM_1,AM,False,
001000000160,Company160 Labs,company160.com,SaaS,201-500,SMB,Pro,1605,1,1,Q2,005CSM00009,005AE000002,005CSM00009,AM_9,AM,False,
001000000161,Company161 Labs,company161.com,Manufacturing,51-200,Mid-Market,Pro,2772,4,3,Q3,005CSM00007,005AE000009,005CSM00007,AM_7,AM,False,
001000000162,Company162 Labs,company162.com,Retail,501-2000,Mid-Market,Pro,3692,4,3,Q2,005CSM00005,005AE000009,005CSM00005,AM_5,AM,False,
001000000163,Company163 Labs,company163.com,Retail,501-2000,Mid-Market,Pro,2415,3,2,Q3,005CSM00010,005AE000009,005CSM00010,AM_10,AM,False,
001000000164,Company164 Labs,company164.com,Retail,1-50,Mid-Market,Pro,5230,3,2,Q2,005CSM00001,005AE000006,005CSM00001,AM_1,AM,False,
001000000165,Company165 Labs,company165.com,SaaS,201-500,Mid-Market,Pro,2678,4,2,Q4,005CSM00010,005AE000009,005CSM00010,AM_10,AM,False,
001000000166,Company166 Labs,company166.com,Fintech,2000+,Enterprise,Enterprise,10190,3,3,Q4,,005AE000003,005AE000003,AE_3,AE,False,
001000000167,Company167 Labs,company167.com,Healthcare,1-50,Mid-Market,Pro,4199,3,3,Q4,005CSM00003,005AE000006,005CSM00003,AM_3,AM,False,
001000000168,Company168 Labs,company168.com,Manufacturing,201-500,SMB,Pro,1452,1,1,Q4,005CSM00006,005AE000005,005CSM00006,AM_6,AM,False,
001000000169,Company169 Labs,company169.com,Media,201-500,Mid-Market,Pro,3965,4,3,Q1,005CSM00010,005AE000004,005CSM00010,AM_10,AM,False,
001000000170,Company170 Labs,company170.com,Healthcare,51-200,Enterprise,Enterprise,7421,4,3,Q3,,005AE000007,005AE000007,AE_7,AE,False,
001000000171,Company171 Labs,company171.com,Fintech,501-2000,Mid-Market,Pro,2143,2,4,Q4,005CSM00001,005AE000006,005CSM00001,AM_1,AM,False,
001000000172,Company172 Labs,company172.com,Media,51-200,SMB,Pro,1383,1,1,Q1,005CSM00009,005AE000005,005CSM00009,AM_9,AM,False,
001000000173,Company173 Labs,company173.com,Retail,501-2000,Mid-Market,Pro,2924,3,3,Q3,005CSM00001,005AE000004,005CSM00001,AM_1,AM,False,
001000000174,Company174 Labs,company174.com,Retail,201-500,Mid-Market,Pro,3991,3,3,Q3,005CSM00005,005AE000006,005CSM00005,AM_5,AM,False,
001000000175,Company175 Labs,company175.com,Fintech,2000+,SMB,Pro,1969,1,2,Q3,005CSM00008,005AE000002,005CSM00008,AM_8,AM,False,
001000000176,Company176 Labs,company176.com,SaaS,201-500,Mid-Market,Pro,3479,4,3,Q4,005CSM00010,005AE000009,005CSM00010,AM_10,AM,False,
001000000177,Company177 Labs,company177.com,Healthcare,1-50,Mid-Market,Pro,2814,3,2,Q4,005CSM00007,005AE000009,005CSM00007,AM_7,AM,False,
001000000178,Company178 Labs,company178.com,Media,1-50,SMB,Pro,1451,1,2,Q3,005CSM00008,005AE000001,005CSM00008,AM_8,AM,False,
001000000179,Company179 Labs,company179.com,SaaS,51-200,SMB,Pro,1451,1,1,Q1,005CSM00008,005AE000010,005CSM00008,AM_8,AM,False,
001000000180,Company180 Labs,company180.com,SaaS,1-50,SMB,Pro,1280,1,2,Q2,005CSM00009,005AE000010,005CSM00009,AM_9,AM,False,
001000000181,Company181 Labs,company181.com,Healthcare,51-200,Mid-Market,Pro,3579,4,3,Q1,005CSM00003,005AE000009,005CSM00003,AM_3,AM,False,
001000000182,Company182 Labs,company182.com,Media,501-2000,SMB,Pro,1673,1,3,Q1,005CSM00008,005AE000001,005CSM00008,AM_8,AM,False,
001000000183,Company183 Labs,company183.com,SaaS,51-200,SMB,Pro,1335,1,1,Q2,005CSM00004,005AE000005,005CSM00004,AM_4,AM,False,
001000000184,Company184 Labs,company184.com,Retail,51-200,Mid-Market,Pro,3069,4,2,Q2,005CSM00001,005AE000004,005CSM00001,AM_1,AM,False,
001000000185,Company185 Labs,company185.com,Healthcare,1-50,Mid-Market,Pro,5849,4,4,Q2,005CSM00005,005AE000009,005CSM00005,AM_5,AM,False,
001000000186,Company186 Labs,company186.com,Retail,51-200,Mid-Market,Pro,2521,4,3,Q2,005CSM00001,005AE000009,005CSM00001,AM_1,AM,False,
001000000187,Company187 Labs,company187.com,SaaS,201-500,Mid-Market,Pro,2631,4,2,Q3,005CSM00005,005AE000006,005CSM00005,AM_5,AM,False,
001000000188,Company188 Labs,company188.com,Manufacturing,2000+,Mid-Market,Pro,4565,4,2,Q4,005CSM00005,005AE000006,005CSM00005,AM_5,AM,False,
001000000189,Company189 Labs,company189.com,SaaS,2000+,SMB,Pro,1633,1,2,Q3,005CSM00009,005AE000001,005CSM00009,AM_9,AM,False,
001000000190,Company190 Labs,company190.com,Manufacturing,501-2000,SMB,Pro,1149,1,1,Q2,005CSM00002,005AE000005,005CSM00002,AM_2,AM,False,
001000000191,Company191 Labs,company191.com,SaaS,2000+,Mid-Market,Pro,2699,2,3,Q2,005CSM00001,005AE000004,005CSM00001,AM_1,AM,False,
001000000192,Company192 Labs,company192.com,Media,201-500,SMB,Pro,1640,1,1,Q3,005CSM00002,005AE000005,005CSM00002,AM_2,AM,False,
001000000193,Company193 Labs,company193.com,Manufacturing,201-500,SMB,Pro,1525,2,1,Q4,005CSM00006,005AE000010,005CSM00006,AM_6,AM,False,
001000000194,Company194 Labs,company194.com,Media,201-500,Mid-Market,Pro,4944,3,2,Q1,005CSM00007,005AE000004,005CSM00007,AM_7,AM,False,
001000000195,Company195 Labs,company195.com,Media,201-500,Mid-Market,Pro,2071,4,3,Q3,005CSM00005,005AE000004,005CSM00005,AM_5,AM,False,
001000000196,Company196 Labs,company196.com,Media,1-50,Mid-Market,Pro,3210,3,3,Q3,005CSM00010,005AE000009,005CSM00010,AM_10,AM,False,
001000000197,Company197 Labs,company197.com,Media,51-200,Mid-Market,Pro,2521,4,2,Q3,005CSM00007,005AE000009,005CSM00007,AM_7,AM,False,
001000000198,Company198 Labs,company198.com,Healthcare,51-200,SMB,Pro,1828,2,2,Q1,005CSM00008,005AE000005,005CSM00008,AM_8,AM,False,
001000000199,Company199 Labs,company199.com,Fintech,51-200,Mid-Market,Pro,4020,4,3,Q2,005CSM00005,005AE000009,005CSM00005,AM_5,AM,False,
001000000200,Company200 Labs,company200.com,Healthcare,51-200,Mid-Market,Pro,2323,3,2,Q4,005CSM00003,005AE000004,005CSM00003,AM_3,AM,False,
001000000201,Company201 Labs,company201.com,Fintech,201-500,Enterprise,Enterprise,6869,3,4,Q3,,005AE000003,005AE000003,AE_3,AE,False,
001000000202,Company202 Labs,company202.com,Manufacturing,2000+,Mid-Market,Pro,2916,2,3,Q1,005CSM00010,005AE000004,005CSM00010,AM_10,AM,False,
001000000203,Company203 Labs,company203.com,SaaS,201-500,Mid-Market,Pro,2916,3,2,Q4,005CSM00010,005AE000006,005CSM00010,AM_10,AM,False,
001000000204,Company204 Labs,company204.com,Manufacturing,2000+,Mid-Market,Pro,5386,4,4,Q4,005CSM00007,005AE000006,005CSM00007,AM_7,AM,False,
001000000205,Company205 Labs,company205.com,Media,501-2000,Mid-Market,Pro,3260,4,2,Q1,005CSM00007,005AE000006,005CSM00007,AM_7,AM,False,
001000000206,Company206 Labs,company206.com,Fintech,2000+,SMB,Pro,1405,2,1,Q3,005CSM00004,005AE000005,005CSM00004,AM_4,AM,False,
001000000207,Company207 Labs,company207.com,Healthcare,1-50,Mid-Market,Pro,2194,4,4,Q4,005CSM00010,005AE000009,005CSM00010,AM_10,AM,False,
001000000208,Company208 Labs,company208.com,Healthcare,51-200,Mid-Market,Pro,3006,3,4,Q2,005CSM00001,005AE000004,005CSM00001,AM_1,AM,False,
001000000209,Company209 Labs,company209.com,Retail,1-50,SMB,Pro,1639,2,1,Q3,005CSM00002,005AE000005,005CSM00002,AM_2,AM,False,
001000000210,Company210 Labs,company210.com,Media,1-50,SMB,Pro,1061,1,1,Q2,005CSM00002,005AE000001,005CSM00002,AM_2,AM,False,
001000000211,Company211 Labs,company211.com,Retail,2000+,Mid-Market,Pro,4360,4,3,Q3,005CSM00010,005AE000006,005CSM00010,AM_10,AM,False,
001000000212,Company212 Labs,company212.com,SaaS,51-200,SMB,Pro,1767,1,1,Q1,005CSM00008,005AE000005,005CSM00008,AM_8,AM,False,
001000000213,Company213 Labs,company213.com,Media,2000+,Mid-Market,Pro,3470,2,3,Q4,005CSM00005,005AE000009,005CSM00005,AM_5,AM,False,
001000000214,Company214 Labs,company214.com,Manufacturing,501-2000,Mid-Market,Pro,3961,3,3,Q2,005CSM00001,005AE000006,005CSM00001,AM_1,AM,False,
001000000215,Company215 Labs,company215.com,Healthcare,51-200,Mid-Market,Pro,2026,2,3,Q4,005CSM00001,005AE000004,005CSM00001,AM_1,AM,False,
001000000216,Company216 Labs,company216.com,Healthcare,51-200,SMB,Pro,1876,1,2,Q3,005CSM00006,005AE000010,005CSM00006,AM_6,AM,False,
001000000217,Company217 Labs,company217.com,Healthcare,501-2000,Mid-Market,Pro,3251,4,3,Q3,005CSM00001,005AE000006,005CSM00001,AM_1,AM,False,
001000000218,Company218 Labs,company218.com,Fintech,51-200,SMB,Pro,1921,1,2,Q4,005CSM00002,005AE000001,005CSM00002,AM_2,AM,True,
001000000219,Company219 Labs,company219.com,Healthcare,501-2000,Mid-Market,Pro,2451,4,2,Q4,005CSM00003,005AE000006,005CSM00003,AM_3,AM,False,
001000000220,Company220 Labs,company220.com,Media,201-500,Mid-Market,Pro,3566,4,2,Q3,005CSM00003,005AE000004,005CSM00003,AM_3,AM,False,
001000000221,Company221 Labs,company221.com,Media,2000+,SMB,Pro,1543,1,2,Q2,005CSM00002,005AE000005,005CSM00002,AM_2,AM,False,
001000000222,Company222 Labs,company222.com,Fintech,501-2000,Mid-Market,Pro,2464,3,4,Q2,005CSM00003,005AE000009,005CSM00003,AM_3,AM,False,
001000000223,Company223 Labs,company223.com,SaaS,1-50,Mid-Market,Pro,2675,4,3,Q1,005CSM00001,005AE000004,005CSM00001,AM_1,AM,False,
001000000224,Company224 Labs,company224.com,Retail,201-500,SMB,Pro,911,1,1,Q1,005CSM00002,005AE000010,005CSM00002,AM_2,AM,False,
001000000225,Company225 Labs,company225.com,Retail,201-500,SMB,Pro,1551,2,1,Q3,005CSM00006,005AE000010,005CSM00006,AM_6,AM,False,
001000000226,Company226 Labs,company226.com,Manufacturing,2000+,Mid-Market,Pro,5075,3,2,Q2,005CSM00007,005AE000006,005CSM00007,AM_7,AM,False,
001000000227,Company227 Labs,company227.com,Manufacturing,501-2000,Mid-Market,Pro,3225,4,2,Q3,005CSM00001,005AE000006,005CSM00001,AM_1,AM,False,
001000000228,Company228 Labs,company228.com,Manufacturing,2000+,Mid-Market,Pro,4069,3,4,Q2,005CSM00005,005AE000009,005CSM00005,AM_5,AM,False,
001000000229,Company229 Labs,company229.com,SaaS,51-200,Mid-Market,Pro,2251,4,4,Q4,005CSM00010,005AE000009,005CSM00010,AM_10,AM,False,
001000000230,Company230 Labs,company230.com,SaaS,1-50,Mid-Market,Pro,4077,3,4,Q3,005CSM00005,005AE000004,005CSM00005,AM_5,AM,False,
001000000231,Company231 Labs,company231.com,Media,201-500,Mid-Market,Pro,4179,3,3,Q4,005CSM00010,005AE000009,005CSM00010,AM_10,AM,False,
001000000232,Company232 Labs,company232.com,Manufacturing,501-2000,SMB,Pro,1246,1,1,Q3,005CSM00002,005AE000005,005CSM00002,AM_2,AM,False,
001000000233,Company233 Labs,company233.com,Media,201-500,SMB,Pro,1759,1,3,Q1,005CSM00006,005AE000002,005CSM00006,AM_6,AM,False,
001000000234,Company234 Labs,company234.com,Media,201-500,Mid-Market,Pro,3155,4,3,Q3,005CSM00010,005AE000006,005CSM00010,AM_10,AM,False,
001000000235,Company235 Labs,company235.com,SaaS,51-200,SMB,Pro,1684,1,1,Q3,005CSM00006,005AE000010,005CSM00006,AM_6,AM,False,
001000000236,Company236 Labs,company236.com,Retail,51-200,Mid-Market,Pro,4143,2,3,Q4,005CSM00005,005AE000006,005CSM00005,AM_5,AM,False,
001000000237,Company237 Labs,company237.com,SaaS,1-50,Mid-Market,Pro,2507,2,3,Q1,005CSM00005,005AE000009,005CSM00005,AM_5,AM,False,
001000000238,Company238 Labs,company238.com,Retail,1-50,SMB,Pro,994,1,1,Q2,005CSM00002,005AE000010,005CSM00002,AM_2,AM,False,
001000000239,Company239 Labs,company239.com,Retail,1-50,Mid-Market,Pro,2093,4,3,Q2,005CSM00007,005AE000006,005CSM00007,AM_7,AM,False,
001000000240,Company240 Labs,company240.com,Media,51-200,Mid-Market,Pro,4293,4,2,Q4,005CSM00005,005AE000004,005CSM00005,AM_5,AM,False,
001000000241,Company241 Labs,company241.com,Healthcare,51-200,Mid-Market,Pro,3010,3,2,Q4,005CSM00010,005AE000009,005CSM00010,AM_10,AM,False,
001000000242,Company242 Labs,company242.com,Fintech,51-200,Mid-Market,Pro,2058,3,3,Q3,005CSM00010,005AE000006,005CSM00010,AM_10,AM,False,
001000000243,Company243 Labs,company243.com,Manufacturing,1-50,Mid-Market,Pro,3105,4,3,Q1,005CSM00005,005AE000006,005CSM00005,AM_5,AM,False,
001000000244,Company244 Labs,company244.com,Media,501-2000,Mid-Market,Pro,4094,3,3,Q1,005CSM00007,005AE000006,005CSM00007,AM_7,AM,False,
001000000245,Company245 Labs,company245.com,SaaS,51-200,Mid-Market,Pro,5466,2,3,Q4,005CSM00003,005AE000004,005CSM00003,AM_3,AM,False,
001000000246,Company246 Labs,company246.com,Retail,201-500,Mid-Market,Pro,2609,3,4,Q2,005CSM00003,005AE000006,005CSM00003,AM_3,AM,False,
001000000247,Company247 Labs,company247.com,Healthcare,1-50,Enterprise,Enterprise,6194,5,4,Q4,,005AE000007,005AE000007,AE_7,AE,False,
001000000248,Company248 Labs,company248.com,Retail,51-200,Mid-Market,Pro,4137,4,3,Q2,005CSM00010,005AE000004,005CSM00010,AM_10,AM,False,
001000000249,Company249 Labs,company249.com,Media,1-50,Mid-Market,Pro,4539,3,2,Q4,005CSM00005,005AE000009,005CSM00005,AM_5,AM,False,
001000000250,Company250 Labs,company250.com,Manufacturing,1-50,Enterprise,Enterprise,6288,4,3,Q2,,005AE000008,005AE000008,AE_8,AE,False,
001000000251,Company251 Labs,company251.com,Manufacturing,201-500,Mid-Market,Pro,2459,3,4,Q4,005CSM00010,005AE000006,005CSM00010,AM_10,AM,False,
001000000252,Company252 Labs,company252.com,Healthcare,1-50,Enterprise,Enterprise,6235,5,4,Q4,,005AE000003,005AE000003,AE_3,AE,False,
001000000253,Company253 Labs,company253.com,Retail,51-200,Enterprise,Enterprise,10465,3,4,Q2,,005AE000007,005AE000007,AE_7,AE,False,
001000000254,Company254 Labs,company254.com,Healthcare,51-200,SMB,Pro,1133,1,1,Q3,005CSM00002,005AE000001,005CSM00002,AM_2,AM,False,
001000000255,Company255 Labs,company255.com,Manufacturing,201-500,Mid-Market,Pro,2569,3,3,Q3,005CSM00010,005AE000006,005CSM00010,AM_10,AM,False,
001000000256,Company256 Labs,company256.com,Retail,2000+,SMB,Pro,1607,1,1,Q4,005CSM00006,005AE000002,005CSM00006,AM_6,AM,False,
001000000257,Company257 Labs,company257.com,Healthcare,2000+,Mid-Market,Pro,4822,2,4,Q4,005CSM00010,005AE000006,005CSM00010,AM_10,AM,False,
001000000258,Company258 Labs,company258.com,SaaS,201-500,Mid-Market,Pro,2940,3,2,Q2,005CSM00005,005AE000009,005CSM00005,AM_5,AM,False,
001000000259,Company259 Labs,company259.com,Healthcare,501-2000,Mid-Market,Pro,4060,3,3,Q3,005CSM00007,005AE000009,005CSM00007,AM_7,AM,False,
001000000260,Company260 Labs,company260.com,Retail,51-200,Mid-Market,Pro,3075,4,2,Q2,005CSM00005,005AE000006,005CSM00005,AM_5,AM,False,
001000000261,Company261 Labs,company261.com,Manufacturing,201-500,Mid-Market,Pro,4020,4,4,Q4,005CSM00001,005AE000009,005CSM00001,AM_1,AM,False,
001000000262,Company262 Labs,company262.com,Fintech,501-2000,SMB,Pro,1818,1,2,Q2,005CSM00002,005AE000005,005CSM00002,AM_2,AM,False,
001000000263,Company263 Labs,company263.com,Retail,201-500,Mid-Market,Pro,3623,2,4,Q1,005CSM00007,005AE000009,005CSM00007,AM_7,AM,False,
001000000264,Company264 Labs,company264.com,Healthcare,201-500,Mid-Market,Pro,4006,3,2,Q3,005CSM00001,005AE000009,005CSM00001,AM_1,AM,False,
001000000265,Company265 Labs,company265.com,Healthcare,501-2000,Mid-Market,Pro,3404,2,4,Q2,005CSM00005,005AE000004,005CSM00005,AM_5,AM,False,
001000000266,Company266 Labs,company266.com,SaaS,51-200,Mid-Market,Pro,4164,3,2,Q1,005CSM00003,005AE000006,005CSM00003,AM_3,AM,False,
001000000267,Company267 Labs,company267.com,Healthcare,201-500,Mid-Market,Pro,5879,2,3,Q2,005CSM00001,005AE000004,005CSM00001,AM_1,AM,True,
001000000268,Company268 Labs,company268.com,Fintech,51-200,Mid-Market,Pro,2203,4,4,Q1,005CSM00003,005AE000004,005CSM00003,AM_3,AM,False,
001000000269,Company269 Labs,company269.com,SaaS,1-50,SMB,Pro,1727,1,1,Q4,005CSM00002,005AE000005,005CSM00002,AM_2,AM,False,
001000000270,Company270 Labs,company270.com,SaaS,1-50,Mid-Market,Pro,4474,2,2,Q3,005CSM00003,005AE000009,005CSM00003,AM_3,AM,False,
001000000271,Company271 Labs,company271.com,Fintech,1-50,Mid-Market,Pro,3106,4,4,Q3,005CSM00003,005AE000006,005CSM00003,AM_3,AM,False,
001000000272,Company272 Labs,company272.com,Media,2000+,Mid-Market,Pro,4760,4,4,Q4,005CSM00003,005AE000004,005CSM00003,AM_3,AM,False,
001000000273,Company273 Labs,company273.com,Media,51-200,Mid-Market,Pro,2927,3,2,Q2,005CSM00005,005AE000006,005CSM00005,AM_5,AM,False,
001000000274,Company274 Labs,company274.com,SaaS,1-50,Mid-Market,Pro,3090,4,3,Q3,005CSM00010,005AE000004,005CSM00010,AM_10,AM,False,
001000000275,Company275 Labs,company275.com,Manufacturing,1-50,Enterprise,Enterprise,6307,4,5,Q3,,005AE000003,005AE000003,AE_3,AE,False,
001000000276,Company276 Labs,company276.com,Healthcare,51-200,Mid-Market,Pro,2050,3,3,Q4,005CSM00001,005AE000004,005CSM00001,AM_1,AM,False,
001000000277,Company277 Labs,company277.com,Fintech,1-50,Mid-Market,Pro,3083,3,3,Q2,005CSM00010,005AE000006,005CSM00010,AM_10,AM,False,
001000000278,Company278 Labs,company278.com,Manufacturing,51-200,Mid-Market,Pro,2599,3,2,Q3,005CSM00003,005AE000004,005CSM00003,AM_3,AM,False,
001000000279,Company279 Labs,company279.com,Healthcare,2000+,Mid-Market,Pro,2773,4,3,Q1,005CSM00003,005AE000009,005CSM00003,AM_3,AM,False,
001000000280,Company280 Labs,company280.com,Media,51-200,Mid-Market,Pro,2454,2,4,Q4,005CSM00005,005AE000009,005CSM00005,AM_5,AM,False,
001000000281,Company281 Labs,company281.com,SaaS,51-200,Mid-Market,Pro,3836,3,3,Q4,005CSM00003,005AE000009,005CSM00003,AM_3,AM,False,
001000000282,Company282 Labs,company282.com,SaaS,2000+,SMB,Pro,1515,1,1,Q3,005CSM00004,005AE000005,005CSM00004,AM_4,AM,False,
001000000283,Company283 Labs,company283.com,Healthcare,501-2000,SMB,Pro,1965,2,2,Q1,005CSM00006,005AE000002,005CSM00006,AM_6,AM,False,
001000000284,Company284 Labs,company284.com,Retail,1-50,Mid-Market,Pro,2740,4,3,Q4,005CSM00007,005AE000009,005CSM00007,AM_7,AM,False,
001000000285,Company285 Labs,company285.com,SaaS,201-500,SMB,Pro,1461,2,1,Q3,005CSM00004,005AE000010,005CSM00004,AM_4,AM,False,
001000000286,Company286 Labs,company286.com,Manufacturing,51-200,Enterprise,Enterprise,6171,5,4,Q2,,005AE000007,005AE000007,AE_7,AE,False,
001000000287,Company287 Labs,company287.com,Media,51-200,SMB,Pro,1973,2,3,Q3,005CSM00002,005AE000001,005CSM00002,AM_2,AM,True,
001000000288,Company288 Labs,company288.com,Retail,501-2000,Mid-Market,Pro,5241,4,3,Q4,005CSM00005,005AE000006,005CSM00005,AM_5,AM,False,
001000000289,Company289 Labs,company289.com,Healthcare,501-2000,Mid-Market,Pro,2868,3,3,Q4,005CSM00001,005AE000006,005CSM00001,AM_1,AM,False,
001000000290,Company290 Labs,company290.com,Media,501-2000,Mid-Market,Pro,3306,4,4,Q4,005CSM00001,005AE000009,005CSM00001,AM_1,AM,False,
001000000291,Company291 Labs,company291.com,Fintech,501-2000,SMB,Pro,1648,1,2,Q2,005CSM00008,005AE000001,005CSM00008,AM_8,AM,False,
001000000292,Company292 Labs,company292.com,Media,1-50,SMB,Pro,1923,1,2,Q2,005CSM00002,005AE000010,005CSM00002,AM_2,AM,True,
001000000293,Company293 Labs,company293.com,Retail,1-50,Enterprise,Enterprise,16123,4,4,Q2,,005AE000008,005AE000008,AE_8,AE,False,
001000000294,Company294 Labs,company294.com,SaaS,1-50,SMB,Pro,1345,1,2,Q1,005CSM00002,005AE000005,005CSM00002,AM_2,AM,False,
001000000295,Company295 Labs,company295.com,Media,201-500,SMB,Pro,1303,1,1,Q3,005CSM00006,005AE000010,005CSM00006,AM_6,AM,False,
001000000296,Company296 Labs,company296.com,Fintech,501-2000,Mid-Market,Pro,2846,3,3,Q2,005CSM00003,005AE000006,005CSM00003,AM_3,AM,False,
001000000297,Company297 Labs,company297.com,Manufacturing,1-50,Mid-Market,Pro,2626,3,2,Q1,005CSM00010,005AE000009,005CSM00010,AM_10,AM,False,
001000000298,Company298 Labs,company298.com,Media,201-500,Mid-Market,Pro,5967,2,4,Q4,005CSM00001,005AE000006,005CSM00001,AM_1,AM,True,
001000000299,Company299 Labs,company299.com,Manufacturing,51-200,Mid-Market,Pro,4757,3,3,Q3,005CSM00003,005AE000009,005CSM00003,AM_3,AM,False,
001000000300,Company300 Labs,company300.com,Manufacturing,1-50,Mid-Market,Pro,2201,3,2,Q2,005CSM00007,005AE000009,005CSM00007,AM_7,AM,False,
001000000301,Free Freeworkspace001,freeworkspace001.com,Healthcare,201-500,SMB,Free,0,1,1,,,005AE000005,005AE000005,AE_5,AE,False,
001000000302,Free Freeworkspace002,freeworkspace002.com,Manufacturing,51-200,Mid-Market,Free,0,0,2,,,005AE000004,005AE000004,AE_4,AE,False,
001000000303,Free Freeworkspace003,freeworkspace003.com,Manufacturing,201-500,Enterprise,Free,0,1,1,,,005AE000007,005AE000007,AE_7,AE,False,
001000000304,Free Freeworkspace004,freeworkspace004.com,SaaS,51-200,SMB,Free,0,1,1,,,005AE000005,005AE000005,AE_5,AE,False,
001000000305,Free Freeworkspace005,freeworkspace005.com,Media,501-2000,SMB,Free,0,0,2,,,005AE000005,005AE000005,AE_5,AE,False,
001000000306,Free Freeworkspace006,freeworkspace006.com,SaaS,201-500,SMB,Free,0,1,3,,,005AE000002,005AE000002,AE_2,AE,False,
001000000307,Free Freeworkspace007,freeworkspace007.com,Retail,501-2000,SMB,Free,0,0,2,,,005AE000005,005AE000005,AE_5,AE,False,
001000000308,Free Freeworkspace008,freeworkspace008.com,SaaS,51-200,Enterprise,Free,0,1,1,,,005AE000008,005AE000008,AE_8,AE,False,
001000000309,Free Freeworkspace009,freeworkspace009.com,Fintech,501-2000,SMB,Free,0,1,2,,,005AE000002,005AE000002,AE_2,AE,False,
001000000310,Free Freeworkspace010,freeworkspace010.com,Retail,501-2000,Mid-Market,Free,0,1,2,,,005AE000009,005AE000009,AE_9,AE,False,
001000000311,Free Freeworkspace011,freeworkspace011.com,Media,51-200,SMB,Free,0,1,1,,,005AE000005,005AE000005,AE_5,AE,False,
001000000312,Free Freeworkspace012,freeworkspace012.com,Manufacturing,51-200,SMB,Free,0,0,1,,,005AE000010,005AE000010,AE_10,AE,False,
001000000313,Free Freeworkspace013,freeworkspace013.com,Healthcare,51-200,Enterprise,Free,0,0,1,,,005AE000008,005AE000008,AE_8,AE,False,
001000000314,Free Freeworkspace014,freeworkspace014.com,Fintech,1-50,Mid-Market,Free,0,1,2,,,005AE000004,005AE000004,AE_4,AE,False,
001000000315,Free Freeworkspace015,freeworkspace015.com,Retail,1-50,SMB,Free,0,1,1,,,005AE000002,005AE000002,AE_2,AE,False,
001000000316,Free Freeworkspace016,freeworkspace016.com,Healthcare,51-200,Mid-Market,Free,0,0,2,,,005AE000004,005AE000004,AE_4,AE,False,
001000000317,Free Freeworkspace017,freeworkspace017.com,Manufacturing,51-200,Mid-Market,Free,0,1,2,,,005AE000009,005AE000009,AE_9,AE,False,
001000000318,Free Freeworkspace018,freeworkspace018.com,SaaS,1-50,SMB,Free,0,1,2,,,005AE000010,005AE000010,AE_10,AE,False,
001000000319,Free Freeworkspace019,freeworkspace019.com,Media,51-200,SMB,Free,0,0,2,,,005AE000010,005AE000010,AE_10,AE,False,
001000000320,Free Freeworkspace020,freeworkspace020.com,Manufacturing,1-50,SMB,Free,0,1,3,,,005AE000005,005AE000005,AE_5,AE,False,
001000000321,Free Freeworkspace021,freeworkspace021.com,SaaS,51-200,Enterprise,Free,0,0,1,,,005AE000007,005AE000007,AE_7,AE,False,
001000000322,Free Freeworkspace022,freeworkspace022.com,Fintech,201-500,SMB,Free,0,0,1,,,005AE000005,005AE000005,AE_5,AE,False,
001000000323,Free Freeworkspace023,freeworkspace023.com,Fintech,1-50,Mid-Market,Free,0,1,2,,,005AE000009,005AE000009,AE_9,AE,False,
001000000324,Free Freeworkspace024,freeworkspace024.com,Retail,51-200,Enterprise,Free,0,0,2,,,005AE000008,005AE000008,AE_8,AE,False,
001000000325,Free Freeworkspace025,freeworkspace025.com,SaaS,1-50,SMB,Free,0,1,1,,,005AE000005,005AE000005,AE_5,AE,False,
001000000326,Free Freeworkspace026,freeworkspace026.com,Fintech,1-50,Enterprise,Free,0,1,1,,,005AE000008,005AE000008,AE_8,AE,False,
001000000327,Free Freeworkspace027,freeworkspace027.com,Manufacturing,501-2000,Enterprise,Free,0,1,1,,,005AE000007,005AE000007,AE_7,AE,False,
001000000328,Free Freeworkspace028,freeworkspace028.com,Retail,51-200,SMB,Free,0,1,1,,,005AE000002,005AE000002,AE_2,AE,False,
001000000329,Free Freeworkspace029,freeworkspace029.com,Retail,501-2000,Enterprise,Free,0,1,1,,,005AE000003,005AE000003,AE_3,AE,False,
001000000330,Free Freeworkspace030,freeworkspace030.com,SaaS,51-200,SMB,Free,0,1,2,,,005AE000010,005AE000010,AE_10,AE,False,
001000000331,Free Freeworkspace031,freeworkspace031.com,Fintech,51-200,Enterprise,Free,0,0,1,,,005AE000003,005AE000003,AE_3,AE,False,
001000000332,Free Freeworkspace032,freeworkspace032.com,SaaS,51-200,SMB,Free,0,1,1,,,005AE000010,005AE000010,AE_10,AE,False,
001000000333,Free Freeworkspace033,freeworkspace033.com,Media,1-50,SMB,Free,0,0,2,,,005AE000001,005AE000001,AE_1,AE,False,
001000000334,Free Freeworkspace034,freeworkspace034.com,Retail,201-500,Enterprise,Free,0,1,1,,,005AE000003,005AE000003,AE_3,AE,False,
001000000335,Free Freeworkspace035,freeworkspace035.com,Manufacturing,51-200,SMB,Free,0,1,2,,,005AE000005,005AE000005,AE_5,AE,False,
001000000336,Free Freeworkspace036,freeworkspace036.com,Retail,201-500,Mid-Market,Free,0,1,1,,,005AE000004,005AE000004,AE_4,AE,False,
001000000337,Free Freeworkspace037,freeworkspace037.com,Media,201-500,Enterprise,Free,0,1,3,,,005AE000008,005AE000008,AE_8,AE,False,
001000000338,Free Freeworkspace038,freeworkspace038.com,Fintech,51-200,Mid-Market,Free,0,1,1,,,005AE000004,005AE000004,AE_4,AE,False,
001000000339,Free Freeworkspace039,freeworkspace039.com,Fintech,51-200,Mid-Market,Free,0,0,2,,,005AE000004,005AE000004,AE_4,AE,False,
001000000340,Free Freeworkspace040,freeworkspace040.com,SaaS,51-200,Enterprise,Free,0,1,2,,,005AE000007,005AE000007,AE_7,AE,False,
001000000341,Free Freeworkspace041,freeworkspace041.com,Fintech,1-50,Enterprise,Free,0,1,1,,,005AE000008,005AE000008,AE_8,AE,False,
001000000342,Free Freeworkspace042,freeworkspace042.com,Fintech,51-200,SMB,Free,0,1,1,,,005AE000002,005AE000002,AE_2,AE,False,
001000000343,Free Freeworkspace043,freeworkspace043.com,Retail,51-200,SMB,Free,0,0,1,,,005AE000001,005AE000001,AE_1,AE,False,
001000000344,Free Freeworkspace044,freeworkspace044.com,SaaS,201-500,Mid-Market,Free,0,1,1,,,005AE000006,005AE000006,AE_6,AE,False,
001000000345,Free Freeworkspace045,freeworkspace045.com,Healthcare,1-50,SMB,Free,0,1,2,,,005AE000002,005AE000002,AE_2,AE,False,
001000000346,Free Freeworkspace046,freeworkspace046.com,Media,201-500,Enterprise,Free,0,0,1,,,005AE000008,005AE000008,AE_8,AE,False,
001000000347,Free Freeworkspace047,freeworkspace047.com,Manufacturing,2000+,SMB,Free,0,1,1,,,005AE000010,005AE000010,AE_10,AE,False,
001000000348,Free Freeworkspace048,freeworkspace048.com,SaaS,51-200,SMB,Free,0,1,1,,,005AE000010,005AE000010,AE_10,AE,False,
001000000349,Free Freeworkspace049,freeworkspace049.com,Manufacturing,1-50,Mid-Market,Free,0,1,1,,,005AE000009,005AE000009,AE_9,AE,False,
001000000350,Free Freeworkspace050,freeworkspace050.com,Healthcare,1-50,Enterprise,Free,0,0,1,,,005AE000003,005AE000003,AE_3,AE,False,
001000000351,Free Freeworkspace051,freeworkspace051.com,Manufacturing,51-200,SMB,Free,0,0,1,,,005AE000001,005AE000001,AE_1,AE,False,
001000000352,Free Freeworkspace052,freeworkspace052.com,Manufacturing,201-500,Mid-Market,Free,0,1,2,,,005AE000009,005AE000009,AE_9,AE,False,
001000000353,Free Freeworkspace053,freeworkspace053.com,Healthcare,501-2000,SMB,Free,0,1,1,,,005AE000002,005AE000002,AE_2,AE,False,
001000000354,Free Freeworkspace054,freeworkspace054.com,Retail,1-50,SMB,Free,0,1,1,,,005AE000010,005AE000010,AE_10,AE,False,
001000000355,Free Freeworkspace055,freeworkspace055.com,Fintech,201-500,SMB,Free,0,1,1,,,005AE000002,005AE000002,AE_2,AE,False,
001000000356,Free Freeworkspace056,freeworkspace056.com,Retail,51-200,SMB,Free,0,1,1,,,005AE000005,005AE000005,AE_5,AE,False,
001000000357,Free Freeworkspace057,freeworkspace057.com,Retail,501-2000,SMB,Free,0,1,3,,,005AE000005,005AE000005,AE_5,AE,False,
001000000358,Free Freeworkspace058,freeworkspace058.com,SaaS,201-500,SMB,Free,0,0,1,,,005AE000002,005AE000002,AE_2,AE,False,
001000000359,Free Freeworkspace059,freeworkspace059.com,Manufacturing,1-50,SMB,Free,0,0,2,,,005AE000005,005AE000005,AE_5,AE,False,
001000000360,Free Freeworkspace060,freeworkspace060.com,Media,1-50,SMB,Free,0,1,1,,,005AE000001,005AE000001,AE_1,AE,False,
001000000361,Free Freeworkspace061,freeworkspace061.com,Fintech,1-50,SMB,Free,0,1,3,,,005AE000005,005AE000005,AE_5,AE,False,
001000000362,Free Freeworkspace062,freeworkspace062.com,Media,501-2000,Mid-Market,Free,0,1,3,,,005AE000006,005AE000006,AE_6,AE,False,
001000000363,Free Freeworkspace063,freeworkspace063.com,Healthcare,501-2000,SMB,Free,0,1,3,,,005AE000002,005AE000002,AE_2,AE,False,
001000000364,Free Freeworkspace064,freeworkspace064.com,Fintech,51-200,SMB,Free,0,0,1,,,005AE000001,005AE000001,AE_1,AE,False,
001000000365,Free Freeworkspace065,freeworkspace065.com,Retail,51-200,Enterprise,Free,0,0,1,,,005AE000007,005AE000007,AE_7,AE,False,
001000000366,Free Freeworkspace066,freeworkspace066.com,Manufacturing,501-2000,Enterprise,Free,0,1,1,,,005AE000003,005AE000003,AE_3,AE,False,
001000000367,Free Freeworkspace067,freeworkspace067.com,Manufacturing,1-50,SMB,Free,0,1,1,,,005AE000001,005AE000001,AE_1,AE,False,
001000000368,Free Freeworkspace068,freeworkspace068.com,Fintech,501-2000,SMB,Free,0,0,1,,,005AE000002,005AE000002,AE_2,AE,False,
001000000369,Free Freeworkspace069,freeworkspace069.com,Fintech,51-200,SMB,Free,0,1,2,,,005AE000010,005AE000010,AE_10,AE,False,
001000000370,Free Freeworkspace070,freeworkspace070.com,SaaS,51-200,SMB,Free,0,1,2,,,005AE000005,005AE000005,AE_5,AE,False,
001000000371,Free Freeworkspace071,freeworkspace071.com,Media,501-2000,Mid-Market,Free,0,1,1,,,005AE000006,005AE000006,AE_6,AE,False,
001000000372,Free Freeworkspace072,freeworkspace072.com,Manufacturing,501-2000,SMB,Free,0,0,3,,,005AE000010,005AE000010,AE_10,AE,False,
001000000373,Free Freeworkspace073,freeworkspace073.com,Retail,2000+,Enterprise,Free,0,1,1,,,005AE000007,005AE000007,AE_7,AE,False,
001000000374,Free Freeworkspace074,freeworkspace074.com,Manufacturing,501-2000,Mid-Market,Free,0,1,2,,,005AE000009,005AE000009,AE_9,AE,False,
001000000375,Free Freeworkspace075,freeworkspace075.com,Media,1-50,SMB,Free,0,1,3,,,005AE000002,005AE000002,AE_2,AE,False,
001000000376,Free Freeworkspace076,freeworkspace076.com,SaaS,501-2000,Mid-Market,Free,0,1,2,,,005AE000006,005AE000006,AE_6,AE,False,
001000000377,Free Freeworkspace077,freeworkspace077.com,Manufacturing,501-2000,Enterprise,Free,0,0,1,,,005AE000003,005AE000003,AE_3,AE,False,
001000000378,Free Freeworkspace078,freeworkspace078.com,Media,1-50,SMB,Free,0,0,2,,,005AE000010,005AE000010,AE_10,AE,False,
001000000379,Free Freeworkspace079,freeworkspace079.com,SaaS,51-200,Enterprise,Free,0,1,2,,,005AE000008,005AE000008,AE_8,AE,False,
001000000380,Free Freeworkspace080,freeworkspace080.com,Fintech,51-200,SMB,Free,0,1,1,,,005AE000005,005AE000005,AE_5,AE,False,
001000000381,Free Freeworkspace081,freeworkspace081.com,Manufacturing,51-200,Mid-Market,Free,0,1,2,,,005AE000004,005AE000004,AE_4,AE,False,
001000000382,Free Freeworkspace082,freeworkspace082.com,SaaS,51-200,Mid-Market,Free,0,0,1,,,005AE000009,005AE000009,AE_9,AE,False,
001000000383,Free Freeworkspace083,freeworkspace083.com,Media,501-2000,SMB,Free,0,1,1,,,005AE000010,005AE000010,AE_10,AE,False,
001000000384,Free Freeworkspace084,freeworkspace084.com,Fintech,51-200,SMB,Free,0,0,1,,,005AE000005,005AE000005,AE_5,AE,False,
001000000385,Free Freeworkspace085,freeworkspace085.com,Retail,1-50,Enterprise,Free,0,0,2,,,005AE000007,005AE000007,AE_7,AE,False,
001000000386,Free Freeworkspace086,freeworkspace086.com,Manufacturing,1-50,SMB,Free,0,1,2,,,005AE000010,005AE000010,AE_10,AE,False,
001000000387,Free Freeworkspace087,freeworkspace087.com,Retail,1-50,Enterprise,Free,0,1,1,,,005AE000007,005AE000007,AE_7,AE,False,
001000000388,Free Freeworkspace088,freeworkspace088.com,SaaS,51-200,SMB,Free,0,1,3,,,005AE000001,005AE000001,AE_1,AE,False,
001000000389,Free Freeworkspace089,freeworkspace089.com,Healthcare,51-200,Mid-Market,Free,0,1,1,,,005AE000006,005AE000006,AE_6,AE,False,
001000000390,Free Freeworkspace090,freeworkspace090.com,Healthcare,201-500,SMB,Free,0,1,3,,,005AE000010,005AE000010,AE_10,AE,False,
001000000391,Free Freeworkspace091,freeworkspace091.com,SaaS,1-50,Mid-Market,Free,0,0,2,,,005AE000009,005AE000009,AE_9,AE,False,
001000000392,Free Freeworkspace092,freeworkspace092.com,SaaS,501-2000,Mid-Market,Free,0,1,2,,,005AE000004,005AE000004,AE_4,AE,False,
001000000393,Free Freeworkspace093,freeworkspace093.com,Fintech,501-2000,Mid-Market,Free,0,0,2,,,005AE000004,005AE000004,AE_4,AE,False,
001000000394,Free Freeworkspace094,freeworkspace094.com,Manufacturing,1-50,Mid-Market,Free,0,1,1,,,005AE000009,005AE000009,AE_9,AE,False,
001000000395,Free Freeworkspace095,freeworkspace095.com,SaaS,51-200,Enterprise,Free,0,0,1,,,005AE000007,005AE000007,AE_7,AE,False,
001000000396,Free Freeworkspace096,freeworkspace096.com,Retail,501-2000,Mid-Market,Free,0,0,1,,,005AE000004,005AE000004,AE_4,AE,False,
001000000397,Free Freeworkspace097,freeworkspace097.com,Media,51-200,Enterprise,Free,0,0,2,,,005AE000003,005AE000003,AE_3,AE,False,
001000000398,Free Freeworkspace098,freeworkspace098.com,Retail,501-2000,Mid-Market,Free,0,0,2,,,005AE000009,005AE000009,AE_9,AE,False,
001000000399,Free Freeworkspace099,freeworkspace099.com,SaaS,501-2000,SMB,Free,0,1,1,,,005AE000005,005AE000005,AE_5,AE,False,
001000000400,Free Freeworkspace100,freeworkspace100.com,Healthcare,2000+,SMB,Free,0,0,1,,,005AE000001,005AE000001,AE_1,AE,False,
001000000401,Free Freeworkspace101,freeworkspace101.com,Healthcare,2000+,Mid-Market,Free,0,1,2,,,005AE000004,005AE000004,AE_4,AE,False,
001000000402,Free Freeworkspace102,freeworkspace102.com,Fintech,501-2000,Mid-Market,Free,0,0,2,,,005AE000004,005AE000004,AE_4,AE,False,
001000000403,Free Freeworkspace103,freeworkspace103.com,Manufacturing,51-200,Mid-Market,Free,0,1,1,,,005AE000009,005AE000009,AE_9,AE,False,
001000000404,Free Freeworkspace104,freeworkspace104.com,Retail,201-500,SMB,Free,0,1,1,,,005AE000001,005AE000001,AE_1,AE,False,
001000000405,Free Freeworkspace105,freeworkspace105.com,Manufacturing,501-2000,Enterprise,Free,0,0,3,,,005AE000007,005AE000007,AE_7,AE,False,
001000000406,Free Freeworkspace106,freeworkspace106.com,SaaS,1-50,Enterprise,Free,0,0,3,,,005AE000007,005AE000007,AE_7,AE,False,
001000000407,Free Freeworkspace107,freeworkspace107.com,SaaS,501-2000,Enterprise,Free,0,1,2,,,005AE000003,005AE000003,AE_3,AE,False,
001000000408,Free Freeworkspace108,freeworkspace108.com,Retail,1-50,Enterprise,Free,0,1,3,,,005AE000008,005AE000008,AE_8,AE,False,
001000000409,Free Freeworkspace109,freeworkspace109.com,Manufacturing,1-50,SMB,Free,0,1,1,,,005AE000005,005AE000005,AE_5,AE,False,
001000000410,Free Freeworkspace110,freeworkspace110.com,Fintech,201-500,Enterprise,Free,0,1,3,,,005AE000007,005AE000007,AE_7,AE,False,
001000000411,Free Freeworkspace111,freeworkspace111.com,Retail,501-2000,Enterprise,Free,0,0,1,,,005AE000003,005AE000003,AE_3,AE,False,
001000000412,Free Freeworkspace112,freeworkspace112.com,Healthcare,51-200,Mid-Market,Free,0,0,1,,,005AE000009,005AE000009,AE_9,AE,False,
001000000413,Free Freeworkspace113,freeworkspace113.com,Manufacturing,201-500,SMB,Free,0,0,1,,,005AE000001,005AE000001,AE_1,AE,False,
001000000414,Free Freeworkspace114,freeworkspace114.com,Fintech,51-200,Mid-Market,Free,0,1,1,,,005AE000009,005AE000009,AE_9,AE,False,
001000000415,Free Freeworkspace115,freeworkspace115.com,Healthcare,501-2000,Mid-Market,Free,0,1,1,,,005AE000006,005AE000006,AE_6,AE,False,
001000000416,Free Freeworkspace116,freeworkspace116.com,Healthcare,201-500,SMB,Free,0,1,1,,,005AE000002,005AE000002,AE_2,AE,False,
001000000417,Free Freeworkspace117,freeworkspace117.com,Fintech,1-50,Mid-Market,Free,0,1,1,,,005AE000009,005AE000009,AE_9,AE,False,
001000000418,Free Freeworkspace118,freeworkspace118.com,Retail,2000+,Enterprise,Free,0,1,1,,,005AE000008,005AE000008,AE_8,AE,False,
001000000419,Free Freeworkspace119,freeworkspace119.com,SaaS,1-50,Mid-Market,Free,0,0,2,,,005AE000006,005AE000006,AE_6,AE,False,
001000000420,Free Freeworkspace120,freeworkspace120.com,Fintech,201-500,Mid-Market,Free,0,1,1,,,005AE000006,005AE000006,AE_6,AE,False,
001000000421,Free Freeworkspace121,freeworkspace121.com,Retail,201-500,SMB,Free,0,1,2,,,005AE000001,005AE000001,AE_1,AE,False,
001000000422,Free Freeworkspace122,freeworkspace122.com,SaaS,201-500,Enterprise,Free,0,1,1,,,005AE000008,005AE000008,AE_8,AE,False,
001000000423,Free Freeworkspace123,freeworkspace123.com,Retail,201-500,Enterprise,Free,0,1,1,,,005AE000003,005AE000003,AE_3,AE,False,
001000000424,Free Freeworkspace124,freeworkspace124.com,Healthcare,51-200,Enterprise,Free,0,1,2,,,005AE000003,005AE000003,AE_3,AE,False,
001000000425,Free Freeworkspace125,freeworkspace125.com,Healthcare,201-500,Enterprise,Free,0,0,1,,,005AE000007,005AE000007,AE_7,AE,False,
001000000426,Free Freeworkspace126,freeworkspace126.com,Manufacturing,201-500,SMB,Free,0,0,1,,,005AE000001,005AE000001,AE_1,AE,False,
001000000427,Free Freeworkspace127,freeworkspace127.com,Retail,51-200,Enterprise,Free,0,1,1,,,005AE000007,005AE000007,AE_7,AE,False,
001000000428,Free Freeworkspace128,freeworkspace128.com,Manufacturing,1-50,SMB,Free,0,0,2,,,005AE000002,005AE000002,AE_2,AE,False,
001000000429,Free Freeworkspace129,freeworkspace129.com,Healthcare,201-500,SMB,Free,0,0,1,,,005AE000005,005AE000005,AE_5,AE,False,
001000000430,Free Freeworkspace130,freeworkspace130.com,Manufacturing,51-200,Mid-Market,Free,0,1,3,,,005AE000006,005AE000006,AE_6,AE,False,
001000000431,Free Freeworkspace131,freeworkspace131.com,Media,2000+,Enterprise,Free,0,0,1,,,005AE000007,005AE000007,AE_7,AE,False,
001000000432,Free Freeworkspace132,freeworkspace132.com,Retail,501-2000,Enterprise,Free,0,1,1,,,005AE000008,005AE000008,AE_8,AE,False,
001000000433,Free Freeworkspace133,freeworkspace133.com,Retail,51-200,Enterprise,Free,0,1,2,,,005AE000003,005AE000003,AE_3,AE,False,
001000000434,Free Freeworkspace134,freeworkspace134.com,Retail,201-500,Enterprise,Free,0,0,1,,,005AE000008,005AE000008,AE_8,AE,False,
001000000435,Free Freeworkspace135,freeworkspace135.com,Retail,51-200,SMB,Free,0,1,1,,,005AE000001,005AE000001,AE_1,AE,False,
001000000436,Free Freeworkspace136,freeworkspace136.com,Manufacturing,1-50,SMB,Free,0,0,3,,,005AE000002,005AE000002,AE_2,AE,False,
001000000437,Free Freeworkspace137,freeworkspace137.com,Healthcare,501-2000,Mid-Market,Free,0,1,2,,,005AE000009,005AE000009,AE_9,AE,False,
001000000438,Free Freeworkspace138,freeworkspace138.com,Manufacturing,51-200,SMB,Free,0,1,1,,,005AE000010,005AE000010,AE_10,AE,False,
001000000439,Free Freeworkspace139,freeworkspace139.com,SaaS,2000+,Mid-Market,Free,0,1,3,,,005AE000004,005AE000004,AE_4,AE,False,
001000000440,Free Freeworkspace140,freeworkspace140.com,SaaS,51-200,Mid-Market,Free,0,0,1,,,005AE000009,005AE000009,AE_9,AE,False,
001000000441,Free Freeworkspace141,freeworkspace141.com,Healthcare,51-200,Enterprise,Free,0,0,3,,,005AE000008,005AE000008,AE_8,AE,False,
001000000442,Free Freeworkspace142,freeworkspace142.com,SaaS,2000+,SMB,Free,0,1,3,,,005AE000001,005AE000001,AE_1,AE,False,
001000000443,Free Freeworkspace143,freeworkspace143.com,Healthcare,51-200,Mid-Market,Free,0,0,2,,,005AE000006,005AE000006,AE_6,AE,False,
001000000444,Free Freeworkspace144,freeworkspace144.com,Media,51-200,SMB,Free,0,0,1,,,005AE000005,005AE000005,AE_5,AE,False,
001000000445,Free Freeworkspace145,freeworkspace145.com,Healthcare,201-500,SMB,Free,0,1,1,,,005AE000010,005AE000010,AE_10,AE,False,
001000000446,Free Freeworkspace146,freeworkspace146.com,Fintech,51-200,SMB,Free,0,0,2,,,005AE000001,005AE000001,AE_1,AE,False,
001000000447,Free Freeworkspace147,freeworkspace147.com,Media,51-200,Enterprise,Free,0,1,1,,,005AE000003,005AE000003,AE_3,AE,False,
001000000448,Free Freeworkspace148,freeworkspace148.com,Media,1-50,Mid-Market,Free,0,0,2,,,005AE000006,005AE000006,AE_6,AE,False,
001000000449,Free Freeworkspace149,freeworkspace149.com,Retail,51-200,Enterprise,Free,0,1,3,,,005AE000003,005AE000003,AE_3,AE,False,
001000000450,Free Freeworkspace150,freeworkspace150.com,Manufacturing,1-50,Enterprise,Free,0,1,1,,,005AE000008,005AE000008,AE_8,AE,False,
001000000451,Free Freeworkspace151,freeworkspace151.com,SaaS,201-500,SMB,Free,0,0,1,,,005AE000002,005AE000002,AE_2,AE,False,
001000000452,Free Freeworkspace152,freeworkspace152.com,Media,1-50,SMB,Free,0,0,2,,,005AE000001,005AE000001,AE_1,AE,False,
001000000453,Free Freeworkspace153,freeworkspace153.com,Fintech,1-50,SMB,Free,0,1,1,,,005AE000002,005AE000002,AE_2,AE,False,
001000000454,Free Freeworkspace154,freeworkspace154.com,Media,1-50,Mid-Market,Free,0,0,1,,,005AE000006,005AE000006,AE_6,AE,False,
001000000455,Free Freeworkspace155,freeworkspace155.com,Manufacturing,51-200,Enterprise,Free,0,1,3,,,005AE000003,005AE000003,AE_3,AE,False,
001000000456,Free Freeworkspace156,freeworkspace156.com,Retail,201-500,Enterprise,Free,0,1,1,,,005AE000007,005AE000007,AE_7,AE,False,
001000000457,Free Freeworkspace157,freeworkspace157.com,Manufacturing,2000+,Mid-Market,Free,0,0,3,,,005AE000006,005AE000006,AE_6,AE,False,
001000000458,Free Freeworkspace158,freeworkspace158.com,Healthcare,1-50,SMB,Free,0,1,2,,,005AE000002,005AE000002,AE_2,AE,False,
001000000459,Free Freeworkspace159,freeworkspace159.com,Retail,501-2000,Mid-Market,Free,0,1,2,,,005AE000006,005AE000006,AE_6,AE,False,
001000000460,Free Freeworkspace160,freeworkspace160.com,Manufacturing,1-50,Mid-Market,Free,0,1,1,,,005AE000004,005AE000004,AE_4,AE,False,
001000000461,Free Freeworkspace161,freeworkspace161.com,Fintech,501-2000,Mid-Market,Free,0,1,1,,,005AE000006,005AE000006,AE_6,AE,False,
001000000462,Free Freeworkspace162,freeworkspace162.com,Media,1-50,SMB,Free,0,0,3,,,005AE000001,005AE000001,AE_1,AE,False,
001000000463,Free Freeworkspace163,freeworkspace163.com,Retail,201-500,Mid-Market,Free,0,1,3,,,005AE000004,005AE000004,AE_4,AE,False,
001000000464,Free Freeworkspace164,freeworkspace164.com,Media,1-50,SMB,Free,0,0,2,,,005AE000010,005AE000010,AE_10,AE,False,
001000000465,Free Freeworkspace165,freeworkspace165.com,SaaS,501-2000,Enterprise,Free,0,1,2,,,005AE000008,005AE000008,AE_8,AE,False,
001000000466,Free Freeworkspace166,freeworkspace166.com,SaaS,1-50,Enterprise,Free,0,1,1,,,005AE000003,005AE000003,AE_3,AE,False,
001000000467,Free Freeworkspace167,freeworkspace167.com,Media,51-200,Enterprise,Free,0,0,2,,,005AE000007,005AE000007,AE_7,AE,False,
001000000468,Free Freeworkspace168,freeworkspace168.com,SaaS,501-2000,SMB,Free,0,1,3,,,005AE000002,005AE000002,AE_2,AE,False,
001000000469,Free Freeworkspace169,freeworkspace169.com,Retail,1-50,SMB,Free,0,0,2,,,005AE000005,005AE000005,AE_5,AE,False,
001000000470,Free Freeworkspace170,freeworkspace170.com,SaaS,1-50,Enterprise,Free,0,0,1,,,005AE000008,005AE000008,AE_8,AE,False,
001000000471,Free Freeworkspace171,freeworkspace171.com,Healthcare,201-500,Enterprise,Free,0,1,2,,,005AE000008,005AE000008,AE_8,AE,False,
001000000472,Free Freeworkspace172,freeworkspace172.com,Media,201-500,SMB,Free,0,1,2,,,005AE000002,005AE000002,AE_2,AE,False,
001000000473,Free Freeworkspace173,freeworkspace173.com,Retail,2000+,SMB,Free,0,0,1,,,005AE000010,005AE000010,AE_10,AE,False,
001000000474,Free Freeworkspace174,freeworkspace174.com,Media,2000+,Mid-Market,Free,0,1,2,,,005AE000009,005AE000009,AE_9,AE,False,
001000000475,Free Freeworkspace175,freeworkspace175.com,Fintech,2000+,Enterprise,Free,0,1,2,,,005AE000008,005AE000008,AE_8,AE,False,
001000000476,Free Freeworkspace176,freeworkspace176.com,Media,1-50,SMB,Free,0,1,1,,,005AE000001,005AE000001,AE_1,AE,False,
001000000477,Free Freeworkspace177,freeworkspace177.com,Manufacturing,1-50,SMB,Free,0,1,1,,,005AE000002,005AE000002,AE_2,AE,False,
001000000478,Free Freeworkspace178,freeworkspace178.com,Healthcare,51-200,Enterprise,Free,0,1,3,,,005AE000008,005AE000008,AE_8,AE,False,
001000000479,Free Freeworkspace179,freeworkspace179.com,Manufacturing,51-200,Enterprise,Free,0,1,2,,,005AE000008,005AE000008,AE_8,AE,False,
001000000480,Free Freeworkspace180,freeworkspace180.com,Manufacturing,51-200,Enterprise,Free,0,0,2,,,005AE000008,005AE000008,AE_8,AE,False,
001000000481,Free Freeworkspace181,freeworkspace181.com,SaaS,201-500,SMB,Free,0,0,2,,,005AE000002,005AE000002,AE_2,AE,False,
001000000482,Free Freeworkspace182,freeworkspace182.com,Healthcare,1-50,Mid-Market,Free,0,1,2,,,005AE000004,005AE000004,AE_4,AE,False,
001000000483,Free Freeworkspace183,freeworkspace183.com,Retail,501-2000,Mid-Market,Free,0,1,3,,,005AE000009,005AE000009,AE_9,AE,False,
001000000484,Free Freeworkspace184,freeworkspace184.com,Healthcare,201-500,SMB,Free,0,0,1,,,005AE000002,005AE000002,AE_2,AE,False,
001000000485,Free Freeworkspace185,freeworkspace185.com,Manufacturing,2000+,Mid-Market,Free,0,0,2,,,005AE000009,005AE000009,AE_9,AE,False,
001000000486,Free Freeworkspace186,freeworkspace186.com,Fintech,1-50,Enterprise,Free,0,1,1,,,005AE000008,005AE000008,AE_8,AE,False,
001000000487,Free Freeworkspace187,freeworkspace187.com,SaaS,201-500,Enterprise,Free,0,1,1,,,005AE000007,005AE000007,AE_7,AE,False,
001000000488,Free Freeworkspace188,freeworkspace188.com,SaaS,51-200,Enterprise,Free,0,0,3,,,005AE000007,005AE000007,AE_7,AE,False,
001000000489,Free Freeworkspace189,freeworkspace189.com,Retail,1-50,Enterprise,Free,0,0,1,,,005AE000003,005AE000003,AE_3,AE,False,
001000000490,Free Freeworkspace190,freeworkspace190.com,Retail,1-50,Mid-Market,Free,0,1,3,,,005AE000006,005AE000006,AE_6,AE,False,
001000000491,Free Freeworkspace191,freeworkspace191.com,Retail,201-500,Mid-Market,Free,0,1,1,,,005AE000006,005AE000006,AE_6,AE,False,
001000000492,Free Freeworkspace192,freeworkspace192.com,Fintech,51-200,SMB,Free,0,1,2,,,005AE000005,005AE000005,AE_5,AE,False,
001000000493,Free Freeworkspace193,freeworkspace193.com,Fintech,1-50,Mid-Market,Free,0,1,1,,,005AE000009,005AE000009,AE_9,AE,False,
001000000494,Free Freeworkspace194,freeworkspace194.com,Healthcare,501-2000,Enterprise,Free,0,0,1,,,005AE000003,005AE000003,AE_3,AE,False,
001000000495,Free Freeworkspace195,freeworkspace195.com,SaaS,2000+,SMB,Free,0,0,1,,,005AE000001,005AE000001,AE_1,AE,False,
001000000496,Free Freeworkspace196,freeworkspace196.com,Media,501-2000,Enterprise,Free,0,1,1,,,005AE000008,005AE000008,AE_8,AE,False,
001000000497,Free Freeworkspace197,freeworkspace197.com,Manufacturing,51-200,Mid-Market,Free,0,0,2,,,005AE000004,005AE000004,AE_4,AE,False,
001000000498,Free Freeworkspace198,freeworkspace198.com,Fintech,1-50,SMB,Free,0,1,1,,,005AE000010,005AE000010,AE_10,AE,False,
001000000499,Free Freeworkspace199,freeworkspace199.com,Manufacturing,1-50,SMB,Free,0,1,2,,,005AE000002,005AE000002,AE_2,AE,False,
001000000500,Free Freeworkspace200,freeworkspace200.com,Manufacturing,2000+,Enterprise,Free,0,1,1,,,005AE000008,005AE000008,AE_8,AE,False,
001000000501,Free Freeworkspace201,freeworkspace201.com,SaaS,201-500,Mid-Market,Free,0,0,1,,,005AE000004,005AE000004,AE_4,AE,False,
001000000502,Free Freeworkspace202,freeworkspace202.com,Media,2000+,Enterprise,Free,0,1,1,,,005AE000007,005AE000007,AE_7,AE,False,
001000000503,Free Freeworkspace203,freeworkspace203.com,Fintech,1-50,Mid-Market,Free,0,1,1,,,005AE000009,005AE000009,AE_9,AE,False,
001000000504,Free Freeworkspace204,freeworkspace204.com,Retail,501-2000,Mid-Market,Free,0,1,3,,,005AE000006,005AE000006,AE_6,AE,False,
001000000505,Free Freeworkspace205,freeworkspace205.com,Manufacturing,501-2000,SMB,Free,0,1,1,,,005AE000010,005AE000010,AE_10,AE,False,
001000000506,Free Freeworkspace206,freeworkspace206.com,Manufacturing,501-2000,SMB,Free,0,0,1,,,005AE000005,005AE000005,AE_5,AE,False,
001000000507,Free Freeworkspace207,freeworkspace207.com,Healthcare,1-50,Mid-Market,Free,0,1,1,,,005AE000006,005AE000006,AE_6,AE,False,
001000000508,Free Freeworkspace208,freeworkspace208.com,SaaS,1-50,Mid-Market,Free,0,1,1,,,005AE000004,005AE000004,AE_4,AE,False,
001000000509,Free Freeworkspace209,freeworkspace209.com,Manufacturing,1-50,Enterprise,Free,0,1,1,,,005AE000007,005AE000007,AE_7,AE,False,
001000000510,Free Freeworkspace210,freeworkspace210.com,Fintech,1-50,Mid-Market,Free,0,1,1,,,005AE000004,005AE000004,AE_4,AE,False,
001000000511,Free Freeworkspace211,freeworkspace211.com,Retail,51-200,Mid-Market,Free,0,0,2,,,005AE000009,005AE000009,AE_9,AE,False,
001000000512,Free Freeworkspace212,freeworkspace212.com,Media,1-50,SMB,Free,0,1,2,,,005AE000005,005AE000005,AE_5,AE,False,
001000000513,Free Freeworkspace213,freeworkspace213.com,Retail,2000+,Mid-Market,Free,0,1,2,,,005AE000004,005AE000004,AE_4,AE,False,
001000000514,Free Freeworkspace214,freeworkspace214.com,Manufacturing,201-500,Enterprise,Free,0,1,2,,,005AE000003,005AE000003,AE_3,AE,False,
001000000515,Free Freeworkspace215,freeworkspace215.com,SaaS,201-500,SMB,Free,0,1,1,,,005AE000010,005AE000010,AE_10,AE,False,
001000000516,Free Freeworkspace216,freeworkspace216.com,Healthcare,2000+,Mid-Market,Free,0,1,2,,,005AE000006,005AE000006,AE_6,AE,False,
001000000517,Free Freeworkspace217,freeworkspace217.com,Media,201-500,Mid-Market,Free,0,1,2,,,005AE000009,005AE000009,AE_9,AE,False,
001000000518,Free Freeworkspace218,freeworkspace218.com,Healthcare,51-200,SMB,Free,0,1,3,,,005AE000001,005AE000001,AE_1,AE,False,
001000000519,Free Freeworkspace219,freeworkspace219.com,Media,51-200,SMB,Free,0,1,3,,,005AE000001,005AE000001,AE_1,AE,False,
001000000520,Free Freeworkspace220,freeworkspace220.com,Media,1-50,SMB,Free,0,1,1,,,005AE000002,005AE000002,AE_2,AE,False,
001000000521,Free Freeworkspace221,freeworkspace221.com,Media,201-500,Mid-Market,Free,0,1,2,,,005AE000006,005AE000006,AE_6,AE,False,
001000000522,Free Freeworkspace222,freeworkspace222.com,Manufacturing,51-200,SMB,Free,0,1,1,,,005AE000001,005AE000001,AE_1,AE,False,
001000000523,Free Freeworkspace223,freeworkspace223.com,Media,201-500,Mid-Market,Free,0,1,2,,,005AE000006,005AE000006,AE_6,AE,False,
001000000524,Free Freeworkspace224,freeworkspace224.com,SaaS,201-500,Enterprise,Free,0,1,1,,,005AE000007,005AE000007,AE_7,AE,False,
001000000525,Free Freeworkspace225,freeworkspace225.com,Media,201-500,Enterprise,Free,0,1,1,,,005AE000007,005AE000007,AE_7,AE,False,
001000000526,Free Freeworkspace226,freeworkspace226.com,Manufacturing,1-50,Enterprise,Free,0,1,1,,,005AE000008,005AE000008,AE_8,AE,False,
001000000527,Free Freeworkspace227,freeworkspace227.com,Manufacturing,201-500,SMB,Free,0,0,1,,,005AE000005,005AE000005,AE_5,AE,False,
001000000528,Free Freeworkspace228,freeworkspace228.com,Fintech,51-200,Enterprise,Free,0,1,1,,,005AE000003,005AE000003,AE_3,AE,False,
001000000529,Free Freeworkspace229,freeworkspace229.com,Media,201-500,Enterprise,Free,0,1,3,,,005AE000008,005AE000008,AE_8,AE,False,
001000000530,Free Freeworkspace230,freeworkspace230.com,Fintech,51-200,Mid-Market,Free,0,1,1,,,005AE000006,005AE000006,AE_6,AE,False,
001000000531,Free Freeworkspace231,freeworkspace231.com,Fintech,501-2000,Mid-Market,Free,0,1,2,,,005AE000009,005AE000009,AE_9,AE,False,
001000000532,Free Freeworkspace232,freeworkspace232.com,Manufacturing,1-50,SMB,Free,0,0,1,,,005AE000010,005AE000010,AE_10,AE,False,
001000000533,Free Freeworkspace233,freeworkspace233.com,Retail,51-200,Enterprise,Free,0,1,2,,,005AE000003,005AE000003,AE_3,AE,False,
001000000534,Free Freeworkspace234,freeworkspace234.com,Healthcare,1-50,Enterprise,Free,0,1,3,,,005AE000008,005AE000008,AE_8,AE,False,
001000000535,Free Freeworkspace235,freeworkspace235.com,Media,201-500,SMB,Free,0,1,2,,,005AE000002,005AE000002,AE_2,AE,False,
001000000536,Free Freeworkspace236,freeworkspace236.com,Healthcare,501-2000,SMB,Free,0,1,1,,,005AE000001,005AE000001,AE_1,AE,False,
001000000537,Free Freeworkspace237,freeworkspace237.com,Media,1-50,SMB,Free,0,0,2,,,005AE000002,005AE000002,AE_2,AE,False,
001000000538,Free Freeworkspace238,freeworkspace238.com,SaaS,1-50,Enterprise,Free,0,1,3,,,005AE000003,005AE000003,AE_3,AE,False,
001000000539,Free Freeworkspace239,freeworkspace239.com,Media,201-500,Mid-Market,Free,0,1,3,,,005AE000004,005AE000004,AE_4,AE,False,
001000000540,Free Freeworkspace240,freeworkspace240.com,Retail,501-2000,Mid-Market,Free,0,1,1,,,005AE000006,005AE000006,AE_6,AE,False,
001000000541,Free Freeworkspace241,freeworkspace241.com,Healthcare,2000+,SMB,Free,0,1,2,,,005AE000001,005AE000001,AE_1,AE,False,
001000000542,Free Freeworkspace242,freeworkspace242.com,SaaS,51-200,Mid-Market,Free,0,1,1,,,005AE000004,005AE000004,AE_4,AE,False,
001000000543,Free Freeworkspace243,freeworkspace243.com,Fintech,51-200,Enterprise,Free,0,1,1,,,005AE000003,005AE000003,AE_3,AE,False,
001000000544,Free Freeworkspace244,freeworkspace244.com,Manufacturing,1-50,Mid-Market,Free,0,0,2,,,005AE000004,005AE000004,AE_4,AE,False,
001000000545,Free Freeworkspace245,freeworkspace245.com,SaaS,201-500,Mid-Market,Free,0,1,2,,,005AE000004,005AE000004,AE_4,AE,False,
001000000546,Free Freeworkspace246,freeworkspace246.com,Healthcare,1-50,Enterprise,Free,0,1,1,,,005AE000008,005AE000008,AE_8,AE,False,
001000000547,Free Freeworkspace247,freeworkspace247.com,SaaS,51-200,SMB,Free,0,1,1,,,005AE000002,005AE000002,AE_2,AE,False,
001000000548,Free Freeworkspace248,freeworkspace248.com,Healthcare,1-50,SMB,Free,0,1,2,,,005AE000010,005AE000010,AE_10,AE,False,
001000000549,Free Freeworkspace249,freeworkspace249.com,Retail,2000+,SMB,Free,0,0,1,,,005AE000001,005AE000001,AE_1,AE,False,
001000000550,Free Freeworkspace250,freeworkspace250.com,Media,1-50,SMB,Free,0,0,1,,,005AE000002,005AE000002,AE_2,AE,False,
001000000551,Free Freeworkspace251,freeworkspace251.com,Manufacturing,201-500,SMB,Free,0,1,2,,,005AE000005,005AE000005,AE_5,AE,False,
001000000552,Free Freeworkspace252,freeworkspace252.com,Manufacturing,51-200,SMB,Free,0,1,1,,,005AE000010,005AE000010,AE_10,AE,False,
001000000553,Free Freeworkspace253,freeworkspace253.com,SaaS,2000+,Mid-Market,Free,0,0,2,,,005AE000004,005AE000004,AE_4,AE,False,
001000000554,Free Freeworkspace254,freeworkspace254.com,Media,51-200,Mid-Market,Free,0,1,1,,,005AE000004,005AE000004,AE_4,AE,False,
001000000555,Free Freeworkspace255,freeworkspace255.com,Manufacturing,1-50,Mid-Market,Free,0,1,1,,,005AE000004,005AE000004,AE_4,AE,False,
001000000556,Free Freeworkspace256,freeworkspace256.com,Fintech,51-200,Mid-Market,Free,0,1,1,,,005AE000009,005AE000009,AE_9,AE,False,
001000000557,Free Freeworkspace257,freeworkspace257.com,Healthcare,201-500,Enterprise,Free,0,0,1,,,005AE000007,005AE000007,AE_7,AE,False,
001000000558,Free Freeworkspace258,freeworkspace258.com,Retail,1-50,Mid-Market,Free,0,1,1,,,005AE000006,005AE000006,AE_6,AE,False,
001000000559,Free Freeworkspace259,freeworkspace259.com,Healthcare,1-50,SMB,Free,0,0,1,,,005AE000010,005AE000010,AE_10,AE,False,
001000000560,Free Freeworkspace260,freeworkspace260.com,SaaS,201-500,SMB,Free,0,1,2,,,005AE000005,005AE000005,AE_5,AE,False,
001000000561,Free Freeworkspace261,freeworkspace261.com,SaaS,1-50,Mid-Market,Free,0,1,3,,,005AE000009,005AE000009,AE_9,AE,False,
001000000562,Free Freeworkspace262,freeworkspace262.com,Manufacturing,201-500,Enterprise,Free,0,0,2,,,005AE000003,005AE000003,AE_3,AE,False,
001000000563,Free Freeworkspace263,freeworkspace263.com,Healthcare,2000+,SMB,Free,0,1,1,,,005AE000002,005AE000002,AE_2,AE,False,
001000000564,Free Freeworkspace264,freeworkspace264.com,Manufacturing,1-50,Enterprise,Free,0,1,1,,,005AE000003,005AE000003,AE_3,AE,False,
001000000565,Free Freeworkspace265,freeworkspace265.com,Fintech,501-2000,SMB,Free,0,0,2,,,005AE000001,005AE000001,AE_1,AE,False,
001000000566,Free Freeworkspace266,freeworkspace266.com,Healthcare,51-200,SMB,Free,0,0,1,,,005AE000005,005AE000005,AE_5,AE,False,
001000000567,Free Freeworkspace267,freeworkspace267.com,Fintech,1-50,SMB,Free,0,1,1,,,005AE000005,005AE000005,AE_5,AE,False,
001000000568,Free Freeworkspace268,freeworkspace268.com,Manufacturing,51-200,SMB,Free,0,0,1,,,005AE000002,005AE000002,AE_2,AE,False,
001000000569,Free Freeworkspace269,freeworkspace269.com,SaaS,501-2000,SMB,Free,0,0,1,,,005AE000005,005AE000005,AE_5,AE,False,
001000000570,Free Freeworkspace270,freeworkspace270.com,Media,201-500,SMB,Free,0,1,1,,,005AE000001,005AE000001,AE_1,AE,False,
001000000571,Free Freeworkspace271,freeworkspace271.com,Media,51-200,Mid-Market,Free,0,1,1,,,005AE000006,005AE000006,AE_6,AE,False,
001000000572,Free Freeworkspace272,freeworkspace272.com,Manufacturing,1-50,Mid-Market,Free,0,1,1,,,005AE000009,005AE000009,AE_9,AE,False,
001000000573,Free Freeworkspace273,freeworkspace273.com,Retail,201-500,Enterprise,Free,0,1,3,,,005AE000008,005AE000008,AE_8,AE,False,
001000000574,Free Freeworkspace274,freeworkspace274.com,Healthcare,51-200,SMB,Free,0,1,1,,,005AE000002,005AE000002,AE_2,AE,False,
001000000575,Free Freeworkspace275,freeworkspace275.com,Fintech,51-200,Mid-Market,Free,0,1,1,,,005AE000004,005AE000004,AE_4,AE,False,
001000000576,Free Freeworkspace276,freeworkspace276.com,Retail,2000+,Mid-Market,Free,0,1,1,,,005AE000009,005AE000009,AE_9,AE,False,
001000000577,Free Freeworkspace277,freeworkspace277.com,Fintech,501-2000,SMB,Free,0,0,1,,,005AE000010,005AE000010,AE_10,AE,False,
001000000578,Free Freeworkspace278,freeworkspace278.com,Media,1-50,Mid-Market,Free,0,1,1,,,005AE000006,005AE000006,AE_6,AE,False,
001000000579,Free Freeworkspace279,freeworkspace279.com,Media,51-200,SMB,Free,0,1,1,,,005AE000005,005AE000005,AE_5,AE,False,
001000000580,Free Freeworkspace280,freeworkspace280.com,SaaS,501-2000,Mid-Market,Free,0,1,1,,,005AE000009,005AE000009,AE_9,AE,False,
001000000581,Free Freeworkspace281,freeworkspace281.com,Fintech,51-200,Enterprise,Free,0,1,2,,,005AE000003,005AE000003,AE_3,AE,False,
001000000582,Free Freeworkspace282,freeworkspace282.com,Manufacturing,501-2000,SMB,Free,0,1,2,,,005AE000010,005AE000010,AE_10,AE,False,
001000000583,Free Freeworkspace283,freeworkspace283.com,Healthcare,201-500,SMB,Free,0,1,3,,,005AE000002,005AE000002,AE_2,AE,False,
001000000584,Free Freeworkspace284,freeworkspace284.com,Manufacturing,501-2000,Enterprise,Free,0,1,1,,,005AE000007,005AE000007,AE_7,AE,False,
001000000585,Free Freeworkspace285,freeworkspace285.com,Healthcare,51-200,Mid-Market,Free,0,1,2,,,005AE000004,005AE000004,AE_4,AE,False,
001000000586,Free Freeworkspace286,freeworkspace286.com,SaaS,501-2000,Enterprise,Free,0,0,1,,,005AE000003,005AE000003,AE_3,AE,False,
001000000587,Free Freeworkspace287,freeworkspace287.com,Media,1-50,Mid-Market,Free,0,1,2,,,005AE000009,005AE000009,AE_9,AE,False,
001000000588,Free Freeworkspace288,freeworkspace288.com,Fintech,1-50,Mid-Market,Free,0,1,3,,,005AE000009,005AE000009,AE_9,AE,False,
001000000589,Free Freeworkspace289,freeworkspace289.com,Manufacturing,201-500,Mid-Market,Free,0,1,2,,,005AE000006,005AE000006,AE_6,AE,False,
001000000590,Free Freeworkspace290,freeworkspace290.com,Healthcare,201-500,SMB,Free,0,1,3,,,005AE000001,005AE000001,AE_1,AE,False,
001000000591,Free Freeworkspace291,freeworkspace291.com,Healthcare,1-50,SMB,Free,0,1,1,,,005AE000001,005AE000001,AE_1,AE,False,
001000000592,Free Freeworkspace292,freeworkspace292.com,SaaS,51-200,Mid-Market,Free,0,1,1,,,005AE000006,005AE000006,AE_6,AE,False,
001000000593,Free Freeworkspace293,freeworkspace293.com,SaaS,51-200,Enterprise,Free,0,1,1,,,005AE000007,005AE000007,AE_7,AE,False,
001000000594,Free Freeworkspace294,freeworkspace294.com,SaaS,201-500,Mid-Market,Free,0,0,1,,,005AE000006,005AE000006,AE_6,AE,False,
001000000595,Free Freeworkspace295,freeworkspace295.com,Manufacturing,1-50,Mid-Market,Free,0,0,1,,,005AE000006,005AE000006,AE_6,AE,False,
001000000596,Free Freeworkspace296,freeworkspace296.com,Healthcare,1-50,SMB,Free,0,1,2,,,005AE000002,005AE000002,AE_2,AE,False,
001000000597,Free Freeworkspace297,freeworkspace297.com,Media,1-50,Enterprise,Free,0,1,3,,,005AE000007,005AE000007,AE_7,AE,False,
001000000598,Free Freeworkspace298,freeworkspace298.com,Retail,201-500,Enterprise,Free,0,0,1,,,005AE000008,005AE000008,AE_8,AE,False,
001000000599,Free Freeworkspace299,freeworkspace299.com,Healthcare,201-500,Mid-Market,Free,0,1,1,,,005AE000009,005AE000009,AE_9,AE,False,
001000000600,Free Freeworkspace300,freeworkspace300.com,Media,1-50,Mid-Market,Free,0,1,1,,,005AE000009,005AE000009,AE_9,AE,False,
